strain	date	country	continent
AB908162.1	2014-01-06	French Polynesia	Oceania
AF013415.1			
AF372422.1			
AY326412.1			
AY632535.2		Uganda	Africa
DI450454.1			
DQ859059.1		Uganda	Africa
EU074027.1		Uganda	Africa
EU303241.1			
EU545988.1	2007-06	Micronesia	Oceania
HQ234498.1	1947	Uganda	Africa
HQ234499.1	1966	Malaysia	Asia
HW822069.1			
JC303440.1			
JN860885.1	2010	Cambodia	Asia
KF258813.1	2012	Indonesia	Asia
KF268948.1	1976	Central African Republic	Africa
KF268949.1		Central African Republic	Africa
KF268950.1		Central African Republic	Africa
KF270886.1	2007	Gabon	Africa
KF270887.1	2007	Gabon	Africa
KF383015.1	2001	Senegal	Africa
KF383016.1	2001	Senegal	Africa
KF383017.1	2001	Senegal	Africa
KF383018.1	2000	Senegal	Africa
KF383019.1	1998	Senegal	Africa
KF383020.1	1980	Cote d'Ivoire	Africa
KF383021.1	1998	Senegal	Africa
KF383022.1	1997	Senegal	Africa
KF383023.1	1997	Senegal	Africa
KF383024.1	1997	Senegal	Africa
KF383025.1	1997	Senegal	Africa
KF383026.1	1997	Senegal	Africa
KF383027.1	1997	Senegal	Africa
KF383028.1	2002	Senegal	Africa
KF383029.1	2002	Senegal	Africa
KF383030.1	1981	Burkina Faso	Africa
KF383031.1	1969	Senegal	Africa
KF383032.1	1979	Senegal	Africa
KF383033.1	1979	Senegal	Africa
KF383034.1	1979	Senegal	Africa
KF383035.1	1963	Uganda	Africa
KF383036.1	1999	Cote d'Ivoire	Africa
KF383037.1	1996	Cote d'Ivoire	Africa
KF383038.1	1999	Cote d'Ivoire	Africa
KF383039.1	1991	Senegal	Africa
KF383040.1	1990	Cote d'Ivoire	Africa
KF383041.1	1990	Cote d'Ivoire	Africa
KF383042.1	1990	Cote d'Ivoire	Africa
KF383043.1	1990	Cote d'Ivoire	Africa
KF383044.1	1990	Cote d'Ivoire	Africa
KF383045.1	1990	Cote d'Ivoire	Africa
KF383046.1	1999	Cote d'Ivoire	Africa
KF383047.1	1991	Senegal	Africa
KF383048.1	1969	Senegal	Africa
KF383049.1	1968	Senegal	Africa
KF383050.1	1979	Senegal	Africa
KF383051.1	1979	Senegal	Africa
KF383052.1	2002	Senegal	Africa
KF383053.1	2002	Senegal	Africa
KF383054.1	2001	Senegal	Africa
KF383055.1	2001	Senegal	Africa
KF383056.1	2001	Senegal	Africa
KF383057.1	2001	Senegal	Africa
KF383058.1	2001	Senegal	Africa
KF383059.1	2000	Senegal	Africa
KF383060.1	2000	Senegal	Africa
KF383061.1	1998	Senegal	Africa
KF383062.1	1998	Senegal	Africa
KF383063.1	1997	Senegal	Africa
KF383064.1	1997	Senegal	Africa
KF383065.1	1997	Senegal	Africa
KF383066.1	1997	Senegal	Africa
KF383067.1	1997	Senegal	Africa
KF383068.1	1997	Senegal	Africa
KF383069.1	1997	Senegal	Africa
KF383070.1	1968	Central African Republic	Africa
KF383071.1	1999	Cote d'Ivoire	Africa
KF383072.1	1999	Cote d'Ivoire	Africa
KF383073.1	1999	Cote d'Ivoire	Africa
KF383074.1	1996	Cote d'Ivoire	Africa
KF383075.1	1990	Cote d'Ivoire	Africa
KF383076.1	1990	Cote d'Ivoire	Africa
KF383077.1	1990	Cote d'Ivoire	Africa
KF383078.1	1981	Burkina Faso	Africa
KF383079.1	1990	Cote d'Ivoire	Africa
KF383080.1	1990	Cote d'Ivoire	Africa
KF383081.1	1990	Cote d'Ivoire	Africa
KF383082.1	1980	Cote d'Ivoire	Africa
KF383083.1	1979	Senegal	Africa
KF383084.1	1991	Senegal	Africa
KF383085.1	1969	Senegal	Africa
KF383086.1	1999	Cote d'Ivoire	Africa
KF383087.1	1979	Senegal	Africa
KF383088.1	1979	Senegal	Africa
KF383089.1	2002	Senegal	Africa
KF383090.1	2002	Senegal	Africa
KF383091.1	2001	Senegal	Africa
KF383092.1	2001	Senegal	Africa
KF383093.1	2001	Senegal	Africa
KF383094.1	2000	Senegal	Africa
KF383095.1	1998	Senegal	Africa
KF383096.1	1998	Senegal	Africa
KF383097.1	1997	Senegal	Africa
KF383098.1	1997	Senegal	Africa
KF383099.1	1997	Senegal	Africa
KF383100.1	1997	Senegal	Africa
KF383101.1	1997	Senegal	Africa
KF383102.1	1997	Senegal	Africa
KF383103.1	1999	Cote d'Ivoire	Africa
KF383104.1	1999	Cote d'Ivoire	Africa
KF383105.1	1996	Cote d'Ivoire	Africa
KF383106.1	1990	Cote d'Ivoire	Africa
KF383107.1	1990	Cote d'Ivoire	Africa
KF383108.1	1990	Cote d'Ivoire	Africa
KF383109.1	1981	Burkina Faso	Africa
KF383110.1	1990	Cote d'Ivoire	Africa
KF383111.1	1990	Cote d'Ivoire	Africa
KF383112.1	1990	Cote d'Ivoire	Africa
KF383113.1	1980	Cote d'Ivoire	Africa
KF383114.1	1979	Senegal	Africa
KF993678.1	2013-02-19	Canada	North America
KJ461621.1	2013	Norway	Europe
KJ579441.1	2013-10-22	French Polynesia	Oceania
KJ579442.1	2013-10-25	French Polynesia	Oceania
KJ634273.1	2014	Cook Islands	Oceania
KJ680134.1	2013-12-09	French Polynesia	Oceania
KJ680135.1	2014-01-03	French Polynesia	Oceania
KJ776791.2	2013-11-28	French Polynesia	Oceania
KJ873160.1	2014-04-03	New Caledonia	Oceania
KJ873161.1	2014-04-02	New Caledonia	Oceania
KM014700.1	2014-01-28	French Polynesia	Oceania
KM078929.1	2014-03-21	Chile	South America
KM078930.1	2014-04-04	Chile	South America
KM078931.1	2014-05-09	Chile	South America
KM078932.1	2014-02-11	Chile	South America
KM078933.1	2014-02-17	Chile	South America
KM078934.1	2014-03-05	Chile	South America
KM078935.1	2014-03-05	Chile	South America
KM078936.1	2014-03-01	Chile	South America
KM078937.1	2014-03-05	Chile	South America
KM078938.1	2014-03-09	Chile	South America
KM078939.1	2014-03-21	Chile	South America
KM078940.1	2014-03-16	Chile	South America
KM078941.1	2014-03-23	Chile	South America
KM078942.1	2014-03-21	Chile	South America
KM078943.1	2014-04-09	Chile	South America
KM078944.1	2014-03-30	Chile	South America
KM078945.1	2014-03-30	Chile	South America
KM078946.1	2014-04-08	Chile	South America
KM078947.1	2014-04-04	Chile	South America
KM078948.1	2014-04-03	Chile	South America
KM078949.1	2014-04-03	Chile	South America
KM078950.1	2014-04-10	Chile	South America
KM078951.1	2014-04-10	Chile	South America
KM078952.1	2014-04-11	Chile	South America
KM078953.1	2014-04-12	Chile	South America
KM078954.1	2014-04-18	Chile	South America
KM078955.1	2014-04-17	Chile	South America
KM078956.1	2014-04-15	Chile	South America
KM078957.1	2014-04-14	Chile	South America
KM078958.1	2014-04-27	Chile	South America
KM078959.1	2014-04-27	Chile	South America
KM078960.1	2014-04-24	Chile	South America
KM078961.1	2014-04-24	Chile	South America
KM078962.1	2014-04-23	Chile	South America
KM078963.1	2014-05-04	Chile	South America
KM078964.1	2014-04-29	Chile	South America
KM078965.1	2014-04-29	Chile	South America
KM078966.1	2014-04-14	Chile	South America
KM078967.1	2014-04-16	Chile	South America
KM078968.1	2014-04-15	Chile	South America
KM078969.1	2014-04-15	Chile	South America
KM078970.1	2014-04-20	Chile	South America
KM078971.1	2014-04-21	Chile	South America
KM078972.1	2014-05-02	Chile	South America
KM078973.1	2014-04-30	Chile	South America
KM078974.1	2014-05-03	Chile	South America
KM078975.1	2014-04-28	Chile	South America
KM078976.1	2014-05-04	Chile	South America
KM078977.1	2014-05-10	Chile	South America
KM078978.1	2014-05-07	Chile	South America
KM078979.1	2014-05-07	Chile	South America
KM212961.1	2014-04-17	New Caledonia	Oceania
KM212963.1	2014-01-23	New Caledonia	Oceania
KM212964.1	2014-04-17	New Caledonia	Oceania
KM212965.1	2013-11-20	New Caledonia	Oceania
KM212966.1	2013-11-26	New Caledonia	Oceania
KM212967.1	2013-12-11	New Caledonia	Oceania
KM851038.1	2012-05-09	Philippines	Asia
KM851039.1	2014-07-19	Thailand	Asia
KP099609.1	2014-03-11	Cook Islands	Oceania
KP099610.1	2014-04-08	Cook Islands	Oceania
KR815989.1	2015	Brazil	South America
KR815990.1	2015	Brazil	South America
KR816333.1	2015-05	Brazil	South America
KR816334.1	2015-05	Brazil	South America
KR816335.1	2015-05	Brazil	South America
KR816336.1	2015-05	Brazil	South America
KR872956.1	2015	Brazil	South America
KT200609.1	2015	Brazil	South America
KT381874.1	2015	Brazil	South America
KU179098.2	2014-12-30	Indonesia	Asia
KU232288.1	2015-05-25	Brazil	South America
KU232289.1	2015-05-25	Brazil	South America
KU232290.1	2015-05-25	Brazil	South America
KU232291.1	2015-05-25	Brazil	South America
KU232292.1	2015-05-25	Brazil	South America
KU232293.1	2015-05-25	Brazil	South America
KU232294.1	2015-05-25	Brazil	South America
KU232295.1	2015-05-25	Brazil	South America
KU232296.1	2015-05-25	Brazil	South America
KU232297.1	2015-05-25	Brazil	South America
KU232298.1	2015-05-25	Brazil	South America
KU232299.1	2015-05-25	Brazil	South America
KU232300.1	2015-05-25	Brazil	South America
KU232301.1	2015-05-25	Brazil	South America
KU312312.1	2015-10-02	Suriname	South America
KU312313.1	2015-10	Suriname	South America
KU312314.1	2015-10	Suriname	South America
KU312315.1	2015-10	Suriname	South America
KU321639.1	2015-03	Brazil	South America
KU365777.1	2015	Brazil	South America
KU365778.1	2015	Brazil	South America
KU365779.1	2015	Brazil	South America
KU365780.1	2015	Brazil	South America
KU497555.1	2015-11-30	Brazil	South America
KU501215.1	2015-12-01	Puerto Rico	North America
KU501216.1	2015-12-01	Guatemala	North America
KU501217.1	2015-11-01	Guatemala	North America
KU509998.3	2014-12-12	Haiti	North America
KU527068.1	2015	Brazil	South America
KU556802.1	2015-10-22	Mexico	North America
KU646827.1	2015-11-10	Colombia	South America
KU646828.1	2015-11-10	Colombia	South America
KU681081.3	2014-07-19	Thailand	Asia
KU681082.3	2012-05-09	Philippines	Asia
KU686218.1	2015-10-22	Mexico	North America
KU707826.1	2015-07-01	Brazil	South America
KU720415.1	1947	Uganda	Africa
KU724096.1	2015-12-11	Panama	North America
KU724097.1	2015-12-11	Panama	North America
KU724098.1	2015-11-29	Panama	North America
KU724099.1	2015-11-29	Panama	North America
KU724100.1	2015-11-29	Panama	North America
KU729217.2	2015	Brazil	South America
KU729218.1	2015	Brazil	South America
KU740184.2	2016-02	China	Asia
KU740199.1	2016-02-07	China	Asia
KU744693.1	2016-02-06	China	Asia
KU752544.1	2015-11	Portugal	Europe
KU752545.1	2015-12	Portugal	Europe
KU758868.1	2016-01	French Guiana	South America
KU758869.1	2016-01	French Guiana	South America
KU758870.1	2015-12	French Guiana	South America
KU758871.1	2015-12	French Guiana	South America
KU758872.1	2016-01	French Guiana	South America
KU758873.1	2016-01	French Guiana	South America
KU758874.1	2016-01	French Guiana	South America
KU758875.1	2016-01	French Guiana	South America
KU758876.1	2015-12	Suriname	South America
KU758877.1	2015-12	French Guiana	South America
KU758878.1	2016-01	Thailand	Asia
KU761560.1	2016-02	China	Asia
KU761561.1	2016-02	China	Asia
KU761564.1	2016-02-12	China	Asia
KU820898.1	2016-02-14	China	Asia
KU820899.2	2016-02-17	China	Asia
KU844090.1	2016-02	Russia	Europe
KU853012.1	2016-02-01	Italy	Europe
KU866423.2	2016	China	Asia
KU867812.1	2016-02-06	China	Asia
KU872850.1	2016-02	Russia	Europe
KU886298.1	2016-02-15	France	Europe
KU922923.1	2016-02-25	Mexico	North America
KU922960.1	2016-02-25	Mexico	North America
KU926323.1	2016-01-19	Israel	Asia
KU926324.1	2016-02-22	Israel	Asia
KU926325.1	2016-02-22	Israel	Asia
KU926326.1	2015-12-27	Israel	Asia
KU940224.1	2015-08-01	Brazil	South America
KU940227.1	2015-07-15	Brazil	South America
KU940228.1	2015-07-01	Brazil	South America
KU954085.1	2016-02	Colombia	South America
KU955589.1	2016-02-16	China	Asia
KU955590.1	2016-02-26	China	Asia
KU955593.1	2010	Cambodia	Asia
KU955594.1	1947-04	Uganda	Africa
KU963573.2	1947-04-20	Uganda	Africa
KU963796.1	2016	China	Asia
KU978616.1	2016-03-22	Russia	Europe
KU985087.1	2015-11-30	Mexico	North America
KU985088.1	2015-11-30	Mexico	North America
KU991811.1	2016-03-06	Italy	Europe
KU997667.1	2016-02-16	China	Asia
KX013000.1	2016-02-17	China	Asia
KX051560.1	2013-07-09	Thailand	Asia
KX051561.1	2013-09-21	Thailand	Asia
KX051562.1	2015-01-16	Thailand	Asia
KX056898.1	2016-02-25	China	Asia
KX059013.1	2014-12-15	Haiti	North America
KX059014.1	2014-12-17	Haiti	North America
KX062044.1	2014-12-15	Haiti	North America
KX062045.1	2014-12-17	Haiti	North America
KX101060.1	2015-05	Brazil	South America
KX101061.1	2015-05	Brazil	South America
KX101062.1	2015-06	Brazil	South America
KX101063.1	2015-12	Brazil	South America
KX101064.1	2015-04	Brazil	South America
KX101065.1	2016-01	Brazil	South America
KX101066.1	2015-05	Brazil	South America
KX101067.1	2015-05	Brazil	South America
KX117076.1	2016-02-17	China	Asia
KX162585.1	2015-06-06	Brazil	South America
KX162586.1	2015-11-24	Brazil	South America
KX173840.1	2016-01-16	Brazil	South America
KX173841.1	2016-01-25	Brazil	South America
KX173842.1	2016-02-11	Brazil	South America
KX173843.1	2016-03-16	Brazil	South America
KX173844.1	2016-03-16	Brazil	South America
KX185891.1	2016-02-17	China	Asia
KX197192.1	2015	Brazil	South America
KX197205.1	2015-12-01	Brazil	South America
KX212103.1	2015-09-01	Brazil	South America
KX216632.1	2015	Solomon Islands	Oceania
KX216633.1	2016	Viet Nam	Asia
KX216634.1	2016	Tonga	Oceania
KX216635.1	2016	Tonga	Oceania
KX216636.1	2016	Samoa	Oceania
KX216637.1	2016	Guyana	South America
KX216638.1	2015	El Salvador	North America
KX216639.1	2016	Samoa	Oceania
KX216640.1	2014	Cook Islands	Oceania
KX247638.1	2016-05-09	Russia	Europe
KX247646.1	2016-02-09	Colombia	South America
KX253994.1	2016-04-21	Germany	Europe
KX253995.1	2016-04-21	Germany	Europe
KX253996.1	2016-02-16	China	Asia
KX261851.1	2016-02	Colombia	South America
KX261852.1	2016-02	Colombia	South America
KX261853.1	2016-02	Colombia	South America
KX261854.1	2016-02	Colombia	South America
KX261855.1	2016-02	Colombia	South America
KX262887.1	2016-01-06	Honduras	North America
KX266255.1	2016-02-14	China	Asia
KX269878.1	2016-02-01	Italy	Europe
KX280026.1	2015	Brazil	South America
KX346600.1	2014-08-01	Bangladesh	Asia
KX358623.1	2016-03-29	Venezuela	South America
KX369547.1	2013-10-25	French Polynesia	Oceania
KX377120.1	2016	Spain	Europe
KX377335.1	1947-04	Uganda	Africa
KX377336.1	1966-07	Malaysia	Asia
KX377337.1	2015-12	Puerto Rico	North America
KX380262.1	2016	Mexico	North America
KX380263.1	2016	Fiji	Oceania
KX421193.1	1947	Uganda	Africa
KX421194.1	2016-01-13	Nicaragua	North America
KX421195.1	2016-01-19	Nicaragua	North America
KX443144.1	2016-04-26	Brazil	South America
KX443145.1	2016-02-26	Brazil	South America
KX447518.1	2013-12	French Polynesia	Oceania
KX447519.1	2013-11	French Polynesia	Oceania
KX447520.1	2014-01	French Polynesia	Oceania
KX447521.1	2014-02	French Polynesia	Oceania
KX455424.1	2008-11-17	Cambodia	Asia
KX455425.1	2009-07-06	Cambodia	Asia
KX455426.1	2009-10-02	Cambodia	Asia
KX548902.1	2015-10-07	Colombia	South America
KX601166.2	1984-11-17	Senegal	Africa
KX601167.1	1966-07-14	Malaysia	Asia
KX601168.1	2015-12-01	Puerto Rico	North America
KX601169.1	1947-04-20	Uganda	Africa
KX694532.2	2013-02-12	Thailand	Asia
KX694533.2	1966-07-14	Malaysia	Asia
KX766028.1	2016-06-06	Dominican Republic	North America
KX766029.1	2016-06-23	Mexico	North America
KX811222.1	2016-06-14	Brazil	South America
KX813683.1	2016-08-27	Singapore	Asia
KX827268.1	2016-01-01	USA	North America
KX827309.1	2016-08-28	Singapore	Asia
KX830930.1	2016-03-01	Brazil	South America
KX832731.1	2016-08-24	USA	North America
KX838904.2	2016-08-22	USA	North America
KX838905.2	2016-08-23	USA	North America
KX838906.2	2016-08-23	USA	North America
KX842449.2	2016-06-22	USA	North America
KX867786.1	2016-05-30	Russia	Europe
KX906952.1	2016-04-16	Honduras	North America
KX906953.1	2016-08-31	Malaysia	Asia
KX906954.1	2016-09-01	Malaysia	Asia
KX906955.1	2016-09-05	Malaysia	Asia
KX906956.1	2016-09-11	Malaysia	Asia
KX922703.1	2016-07-19	USA	North America
KX922704.1	2016-08-02	USA	North America
KX922705.1	2016-08-05	USA	North America
KX922706.1	2016-08-05	USA	North America
KX922707.1	2016-08-17	USA	North America
KX922708.1	2016-09-04	USA	North America
KX928077.1	2016-05-16	Honduras	North America
KX954122.1	2016-09-19	Mexico	North America
KX986760.2	2016-02	Brazil	South America
KX986761.2	2016-02	Brazil	South America
KY003152.1	2016-09-01	Philippines	Asia
KY003153.1	2016-04	Italy	Europe
KY003154.1	2016-04	Italy	Europe
KY003155.1	2016-04	Italy	Europe
KY003156.1	2016-06	Italy	Europe
KY003157.1	2016-04	Italy	Europe
KY005879.1	2016-08-24	Ecuador	South America
KY007221.1	2016-08-30	Thailand	Asia
KY014295.2	2016-06-22	USA	North America
KY014296.2	2016-04-18	Brazil	South America
KY014297.2	2016-04-12	Brazil	South America
KY014298.1	2016-08-05	USA	North America
KY014299.2	2016-09-04	USA	North America
KY014300.2	2016-04-20	Dominican Republic	North America
KY014301.2	2016-04-13	Brazil	South America
KY014302.3	2016-04-21	Dominican Republic	North America
KY014303.2	2016-04-11	Dominican Republic	North America
KY014304.2	2016-04-18	Dominican Republic	North America
KY014305.2	2016-04-05	Dominican Republic	North America
KY014306.2	2016-06-10	Honduras	North America
KY014307.2	2016-03-28	Brazil	South America
KY014308.2	2016-03-23	Brazil	South America
KY014309.1	2016-03-28	Brazil	South America
KY014310.2	2016-05-09	Honduras	North America
KY014311.1	2016-05-12	Honduras	North America
KY014312.2	2016-05-13	Honduras	North America
KY014313.2	2016-04-05	Brazil	South America
KY014314.2	2016-06-14	Dominican Republic	North America
KY014315.2	2016-06-06	Honduras	North America
KY014316.2	2016-08-17	USA	North America
KY014317.2	2016-03-21	Brazil	South America
KY014318.3	2016-04-27	Dominican Republic	North America
KY014319.2	2016-04-30	Honduras	North America
KY014320.2	2016-03-23	Brazil	South America
KY014321.2	2016-04-11	Dominican Republic	North America
KY014322.2	2016-08-23	USA	North America
KY014323.2	2016-08-23	USA	North America
KY014324.2	2016-08-22	USA	North America
KY014325.2	2016-08-02	USA	North America
KY014326.1	2016-08-05	USA	North America
KY014327.2	2016-06-09	Honduras	North America
KY014328.1	2016-04	Italy	Europe
KY014329.1	2016-04	Italy	Europe
KY042039.1	2016-03-21	Brazil	South America
KY042040.1	2016-04-23	Philippines	Asia
KY042041.1	2016-04-27	Philippines	Asia
KY042042.1	2016-05-11	Philippines	Asia
KY042043.1	2016-06-29	Guatemala	North America
KY042044.1	2016-07-11	Puerto Rico	North America
KY042045.1	2016-07-25	Viet Nam	Asia
KY064008.1	2014-09-01	Bangladesh	Asia
KY075932.1	2016-03-22	USA	North America
KY075933.1	2016-06-21	USA	North America
KY075934.1	2016-07-03	USA	North America
KY075935.1	2016-07-16	USA	North America
KY075936.1	2016-08-04	USA	North America
KY075937.1	2016-09-09	USA	North America
KY075938.1	2016-09-20	USA	North America
KY075939.2	2016-10-05	USA	North America
KY120349.2	2016-03-03	Mexico	North America
KY120352.1	2016-03-22	South Korea	Asia
KY120353.1	2016-04-28	South Korea	Asia
KY126345.1	2016-06	Taiwan	Asia
KY126346.1	2016-08	Taiwan	Asia
KY126347.1	2016-09	Taiwan	Asia
KY126348.1	2016-10	Taiwan	Asia
KY126349.1	2016-10	Taiwan	Asia
KY126350.1	2016-10	Taiwan	Asia
KY126351.1	2016-05	Taiwan	Asia
KY131441.1	2013-01	Viet Nam	Asia
KY131442.1	2013-06	Viet Nam	Asia
KY241671.1	2016-09-04	Singapore	Asia
KY241673.1	2016-09-04	Singapore	Asia
KY241674.1	2016-09-05	Singapore	Asia
KY241675.1	2016-09-06	Singapore	Asia
KY241676.1	2016-09-06	Singapore	Asia
KY241677.1	2016-09-07	Singapore	Asia
KY241678.1	2016-09-07	Singapore	Asia
KY241679.1	2016-09-07	Singapore	Asia
KY241680.1	2016-09-07	Singapore	Asia
KY241681.1	2016-09-08	Singapore	Asia
KY241682.1	2016-09-08	Singapore	Asia
KY241683.1	2016-09-08	Singapore	Asia
KY241684.1	2016-09-08	Singapore	Asia
KY241685.1	2016-09-12	Singapore	Asia
KY241686.1	2016-09-12	Singapore	Asia
KY241687.1	2016-09-13	Singapore	Asia
KY241688.1	2016-09-13	Singapore	Asia
KY241689.1	2016-09-13	Singapore	Asia
KY241690.1	2016-09-13	Singapore	Asia
KY241691.1	2016-09-13	Singapore	Asia
KY241692.1	2016-09-14	Singapore	Asia
KY241693.1	2016-09-15	Singapore	Asia
KY241694.1	2016-09-19	Singapore	Asia
KY241695.1	2016-09-20	Singapore	Asia
KY241696.1	2016-08-30	Singapore	Asia
KY241697.1	2016-08-27	Singapore	Asia
KY241698.1	2016-08-26	Singapore	Asia
KY241699.1	2016-08-30	Singapore	Asia
KY241700.1	2016-08-27	Singapore	Asia
KY241701.1	2016-08-27	Singapore	Asia
KY241702.1	2016-08-27	Singapore	Asia
KY241703.1	2016-08-29	Singapore	Asia
KY241704.1	2016-08-27	Singapore	Asia
KY241705.1	2016-08-30	Singapore	Asia
KY241706.1	2016-08-28	Singapore	Asia
KY241707.1	2016-08-28	Singapore	Asia
KY241708.1	2016-08-28	Singapore	Asia
KY241709.1	2016-08-28	Singapore	Asia
KY241710.1	2016-08-27	Singapore	Asia
KY241711.1	2016-08-29	Singapore	Asia
KY241713.1	2016-08-28	Singapore	Asia
KY241714.1	2016-08-28	Singapore	Asia
KY241715.1	2016-08-28	Singapore	Asia
KY241716.1	2016-08-28	Singapore	Asia
KY241717.1	2016-08-29	Singapore	Asia
KY241718.1	2016-08-29	Singapore	Asia
KY241719.1	2016-08-29	Singapore	Asia
KY241720.1	2016-08-29	Singapore	Asia
KY241721.1	2016-08-28	Singapore	Asia
KY241722.1	2016-08-28	Singapore	Asia
KY241723.1	2016-08-27	Singapore	Asia
KY241724.1	2016-08-28	Singapore	Asia
KY241725.1	2016-08-26	Singapore	Asia
KY241726.1	2016-08-28	Singapore	Asia
KY241727.1	2016-08-28	Singapore	Asia
KY241728.1	2016-08-29	Singapore	Asia
KY241729.1	2016-08-29	Singapore	Asia
KY241730.1	2016-08-27	Singapore	Asia
KY241731.1	2016-08-30	Singapore	Asia
KY241732.1	2016-08-27	Singapore	Asia
KY241733.1	2016-08-28	Singapore	Asia
KY241734.1	2016-08-28	Singapore	Asia
KY241735.1	2016-08-27	Singapore	Asia
KY241736.1	2016-08-29	Singapore	Asia
KY241737.1	2016-08-28	Singapore	Asia
KY241738.1	2016-08-30	Singapore	Asia
KY241739.1	2016-08-28	Singapore	Asia
KY241740.1	2016-08-29	Singapore	Asia
KY241741.1	2016-08-28	Singapore	Asia
KY241742.1	2016-08-28	Singapore	Asia
KY241743.1	2016-08-26	Singapore	Asia
KY241744.1	2016-08-28	Singapore	Asia
KY241745.1	2016-08-30	Singapore	Asia
KY241746.1	2016-08-28	Singapore	Asia
KY241747.1	2016-08-28	Singapore	Asia
KY241748.1	2016-08-28	Singapore	Asia
KY241749.1	2016-08-28	Singapore	Asia
KY241750.1	2016-08-28	Singapore	Asia
KY241751.1	2016-08-28	Singapore	Asia
KY241752.1	2016-08-28	Singapore	Asia
KY241753.1	2016-08-26	Singapore	Asia
KY241754.1	2016-09-07	Singapore	Asia
KY241755.1	2016-08-31	Singapore	Asia
KY241756.1	2016-09-05	Singapore	Asia
KY241757.1	2016-09-12	Singapore	Asia
KY241758.1	2016-08-30	Singapore	Asia
KY241759.1	2016-09-02	Singapore	Asia
KY241760.1	2016-09-13	Singapore	Asia
KY241761.1	2016-09-03	Singapore	Asia
KY241762.1	2016-08-30	Singapore	Asia
KY241763.1	2016-09-02	Singapore	Asia
KY241764.1	2016-08-31	Singapore	Asia
KY241765.1	2016-08-30	Singapore	Asia
KY241766.1	2016-09-15	Singapore	Asia
KY241767.1	2016-09-07	Singapore	Asia
KY241768.1	2016-08-31	Singapore	Asia
KY241769.1	2016-09-10	Singapore	Asia
KY241770.1	2016-08-30	Singapore	Asia
KY241771.1	2016-09-02	Singapore	Asia
KY241772.1	2016-08-30	Singapore	Asia
KY241773.1	2016-09-07	Singapore	Asia
KY241774.1	2016-09-05	Singapore	Asia
KY241775.1	2016-09-05	Singapore	Asia
KY241776.1	2016-09-05	Singapore	Asia
KY241777.1	2016-09-06	Singapore	Asia
KY241778.1	2016-09-06	Singapore	Asia
KY241779.1	2016-09-06	Singapore	Asia
KY241780.1	2016-09-06	Singapore	Asia
KY241781.1	2016-09-06	Singapore	Asia
KY241782.1	2016-09-07	Singapore	Asia
KY241783.1	2016-09-07	Singapore	Asia
KY241784.1	2016-09-08	Singapore	Asia
KY241785.1	2016-09-05	Singapore	Asia
KY241786.1	2016-09-06	Singapore	Asia
KY241787.1	2016-09-07	Singapore	Asia
KY241788.1	2016-05-13	Singapore	Asia
KY272987.1	2016-08-30	Thailand	Asia
KY272991.1	2016-02-12	Brazil	South America
KY288905.1	1962-11	Uganda	Africa
KY293644.1	2016-02-21	New Zealand	Oceania
KY293645.1	2016-02-27	New Zealand	Oceania
KY307811.1	2016-02	Brazil	South America
KY317936.1	2016-01-16	Colombia	South America
KY317937.1	2016-01-07	Colombia	South America
KY317938.1	2016-01-10	Colombia	South America
KY317939.1	2016-01-06	Colombia	South America
KY317940.1	2016-01-09	Colombia	South America
KY325464.1	2016-09-19	USA	North America
KY325465.1	2016-09-28	USA	North America
KY325466.1	2016-07-28	USA	North America
KY325467.1	2016-07-29	USA	North America
KY325468.1	2016-08-04	USA	North America
KY325469.1	2016-08-04	USA	North America
KY325470.1	2016-08-04	USA	North America
KY325471.1	2016-08-08	USA	North America
KY325472.1	2016-08-23	USA	North America
KY325473.1	2016-08-31	USA	North America
KY325474.1	2016-09-13	USA	North America
KY325475.1	2016-10-05	USA	North America
KY325476.1	2016-10-11	USA	North America
KY325477.1	2016-10-03	USA	North America
KY325478.1	2016-09-26	USA	North America
KY325479.1	2016-09-28	USA	North America
KY325480.1	2016-07-28	USA	North America
KY325481.1	2016-07-29	USA	North America
KY325482.1	2016-08-24	USA	North America
KY325483.1	2016-08-24	USA	North America
KY328290.1	2016-11-03	China	Asia
KY348640.1	2016-01-22	Suriname	South America
KY354186.1	2015-04	Brazil	South America
KY354187.1	2016-01	Brazil	South America
KY379148.1	2016-02-29	China	Asia
KY415986.1	2014-05-29	Haiti	North America
KY415987.1	2014-05-29	Haiti	North America
KY415988.1	2014-06-05	Haiti	North America
KY415989.1	2014-06-10	Haiti	North America
KY415990.1	2014-06-02	Haiti	North America
KY415991.1	2014-06-24	Haiti	North America
KY441401.1	2016-02-29	Brazil	South America
KY441402.1	2016-04-05	Brazil	South America
KY441403.1	2016-01-11	Brazil	South America
KY465607.1	2016-10-26	Ecuador	South America
KY553111.1	2016-04	South Korea	Asia
KY558989.1	2015-02-23	Brazil	South America
KY558990.1	2016-01-15	Brazil	South America
KY558991.1	2016-01-19	Brazil	South America
KY558992.1	2016-01-06	Brazil	South America
KY558993.1	2016-01-18	Brazil	South America
KY558994.1	2016-01-18	Brazil	South America
KY558995.1	2015-05-13	Brazil	South America
KY558996.1	2015-05-13	Brazil	South America
KY558997.1	2015-05-14	Brazil	South America
KY558998.1	2015-06-15	Brazil	South America
KY558999.1	2016-07-10	Brazil	South America
KY559000.1	2015-08-09	Brazil	South America
KY559001.1	2015-08-20	Brazil	South America
KY559002.1	2015-09-09	Brazil	South America
KY559003.1	2015-08-28	Brazil	South America
KY559004.1	2016-04-16	Brazil	South America
KY559005.1	2016-04-18	Brazil	South America
KY559006.1	2016-04-18	Brazil	South America
KY559007.1	2016-04-18	Brazil	South America
KY559008.1	2016-04-19	Brazil	South America
KY559009.1	2016-04-19	Brazil	South America
KY559010.1	2016-04-19	Brazil	South America
KY559011.1	2016-04-19	Brazil	South America
KY559012.1	2016-04-19	Brazil	South America
KY559013.1	2016-04-24	Brazil	South America
KY559014.1	2016-04-24	Brazil	South America
KY559015.1	2016-04-24	Brazil	South America
KY559016.1	2016-04-25	Brazil	South America
KY559017.1	2016-05-19	Brazil	South America
KY559018.1	2016-02-25	Brazil	South America
KY559019.1	2016-05-24	Brazil	South America
KY559020.1	2016-03-07	Brazil	South America
KY559021.1	2016-03-10	Brazil	South America
KY559022.1	2016-03-13	Brazil	South America
KY559023.1	2016-03-22	Brazil	South America
KY559024.1	2016-03-03	Brazil	South America
KY559025.1	2016-01-15	Brazil	South America
KY559026.1	2016-01-15	Brazil	South America
KY559027.1	2016-02-16	Brazil	South America
KY559028.1	2016-01	Brazil	South America
KY559029.1	2016-01	Brazil	South America
KY559030.1	2016-01	Brazil	South America
KY559031.1	2016-01	Brazil	South America
KY559032.1	2016-01	Brazil	South America
KY561343.1	2016-02-19	Brazil	South America
KY561344.1	2016-02-19	Brazil	South America
KY561345.1	2016-02-24	Brazil	South America
KY576904.1	1989	Central African Republic	Africa
KY606271.1	2016-03-05	Mexico	North America
KY606272.1	2016-08-05	Mexico	North America
KY606273.1	2016-06-30	Mexico	North America
KY606274.1	2016-07-07	Mexico	North America
KY631492.1	2016-01-08	Brazil	South America
KY631493.1	2015-10-15	Mexico	North America
KY693676.1	2016-08-26	Honduras	North America
KY693677.1	2016-08-26	Honduras	North America
KY693678.1	2016-06-28	Peru	South America
KY693679.1	2016-07-11	Peru	South America
KY693680.1	2016-10-19	Venezuela	South America
KY765303.1	2016-06-13	Spain	Europe
KY765304.1	2016-09-21	Spain	Europe
KY765305.1	2016-04-29	Spain	Europe
KY765306.1	2016-03-29	Spain	Europe
KY765307.1	2016-03-10	Spain	Europe
KY765308.1	2016-03-11	Spain	Europe
KY765309.1	2016-06-11	Spain	Europe
KY765317.1	2016-06-29	Nicaragua	North America
KY765318.1	2016-07-10	Nicaragua	North America
KY765319.1	2016-05-29	Nicaragua	North America
KY765323.1	2016-06-30	Nicaragua	North America
KY765324.1	2016-07-07	Nicaragua	North America
KY765325.1	2016-04-22	Nicaragua	North America
KY766069.1	2013-10-25	French Polynesia	Oceania
KY785409.1	2016-04-04	Brazil	South America
KY785410.1	2016-03-27	Brazil	South America
KY785411.1	2016-03-30	Brazil	South America
KY785412.1	2016-07-22	USA	North America
KY785413.1	2016-10-06	Dominican Republic	North America
KY785414.1	2016-05-28	Honduras	North America
KY785415.1	2016-04-11	Dominican Republic	North America
KY785416.1	2016-04-28	Honduras	North America
KY785417.1	2016-04-06	Colombia	South America
KY785418.1	2016-05-13	Honduras	North America
KY785419.1	2016-06-13	Jamaica	North America
KY785420.1	2016-04-18	Dominican Republic	North America
KY785421.1	2016-07-07	USA	North America
KY785422.1	2016-09-09	USA	North America
KY785423.1	2016-04-05	Dominican Republic	North America
KY785424.1	2016-07-10	Jamaica	North America
KY785425.1	2016-04-04	Dominican Republic	North America
KY785426.1	2016-04-04	Brazil	South America
KY785427.1	2016-03-30	Brazil	South America
KY785428.1	2016-06-13	Dominican Republic	North America
KY785429.1	2016-04-14	Brazil	South America
KY785430.1	2016-09-28	Jamaica	North America
KY785431.1	2016-06-13	Honduras	North America
KY785432.1	2016-10-12	Jamaica	North America
KY785433.1	2016-04-08	Brazil	South America
KY785434.1	2016-08-17	Dominican Republic	North America
KY785435.1	2016-07-07	Dominican Republic	North America
KY785436.1	2016-03-15	Brazil	South America
KY785437.1	2016-03-14	Brazil	South America
KY785438.1	2016-09-26	Jamaica	North America
KY785439.1	2016-04-08	Brazil	South America
KY785440.1	2016-08-03	USA	North America
KY785441.1	2016-06-13	Dominican Republic	North America
KY785442.1	2016-06-04	Honduras	North America
KY785443.1	2016-08-01	USA	North America
KY785444.1	2016-05-31	Honduras	North America
KY785445.1	2016-07-19	USA	North America
KY785446.1	2016-03-22	Brazil	South America
KY785447.1	2016-09-22	Dominican Republic	North America
KY785448.1	2016-06-10	Honduras	North America
KY785449.1	2016-04-05	Dominican Republic	North America
KY785450.1	2016-04-12	Brazil	South America
KY785451.1	2016-03-22	Martinique	North America
KY785452.1	2016-06-07	Honduras	North America
KY785453.1	2016-05-10	Dominican Republic	North America
KY785454.1	2016-08-05	not determined	
KY785455.1	2016-04-06	Brazil	South America
KY785456.1	2016-04-15	Brazil	South America
KY785457.1	2016-08-01	USA	North America
KY785458.1	2016-06-10	Honduras	North America
KY785459.1	2016-08-15	USA	North America
KY785460.1	2016-06-30	Dominican Republic	North America
KY785461.1	2016-05-31	Honduras	North America
KY785462.1	2016-06-26	Puerto Rico	North America
KY785463.1	2016-04-05	Dominican Republic	North America
KY785464.1	2016-04-13	Puerto Rico	North America
KY785465.1	2016-04-07	Dominican Republic	North America
KY785466.1	2016-04-28	Colombia	South America
KY785467.1	2016-04-01	Brazil	South America
KY785468.1	2016-10-05	USA	North America
KY785469.1	2016-04-05	Colombia	South America
KY785470.1	2016-06-18	Dominican Republic	North America
KY785471.1	2016-05-03	Honduras	North America
KY785472.1	2016-09-20	USA	North America
KY785473.1	2016-06-15	Dominican Republic	North America
KY785474.1	2016-08-04	USA	North America
KY785475.1	2016-04-07	Dominican Republic	North America
KY785476.1	2016-04-18	Dominican Republic	North America
KY785477.1	2016-06-09	Colombia	South America
KY785478.1	2016-05-24	Dominican Republic	North America
KY785479.1	2016-03-30	Brazil	South America
KY785480.1	2016-03-30	Brazil	South America
KY785481.1	2016-04-12	Puerto Rico	North America
KY785482.1	2016-07-05	Haiti	North America
KY785483.1	2016-04-07	Dominican Republic	North America
KY785484.1	2016-06-06	Dominican Republic	North America
KY785485.1	2016-05-10	Brazil	South America
KY817930.1	2016-01	Brazil	South America
KY888678.1	2016-07-10	China	Asia
KY921911.1	2016	Singapore	Asia
KY927808.1	2016-09	China	Asia
KY962729.1	2016-04	South Korea	Asia
KY967711.1	2016-11-01	China	Asia
KY968096.1	2016-02-01	Brazil	South America
KY968097.1	2016-02-03	Brazil	South America
KY968098.1	2016-02-01	Brazil	South America
KY989511.1	1947	Uganda	Africa
KY989971.1	2015-12	Colombia	South America
LC002520.1		Uganda	Africa
LC171327.1	2016-07-20	Japan	Asia
LC190723.1	2016-05-20	Japan	Asia
LC191864.1	2016-04-21	Japan	Asia
LC217862.1	2016-09-30	Malaysia	Asia
LC218742.1	2016-09-12	Japan	Asia
LC219720.1	2016-11-22	Japan	Asia
LC227589.1			
LC229347.1	2016-09-30	Malaysia	Asia
LC322991.1	2016-09-01	Malaysia	Asia
LC322992.1	2016-09-01	Malaysia	Asia
LC331561.1	2016	Japan	Asia
LC369584.1	2017	Japan	Asia
LC707380.1	2021-06-17	Gabon	Africa
LC707381.1	2021-06-17	Gabon	Africa
LF621701.1			
LG018115.1			
LP994734.1			
LP994735.1			
LP994736.1			
LP994737.1			
LQ723816.1			
LQ729864.1			
LQ729865.1			
LQ729866.1			
LQ729867.1			
LQ729868.1			
LQ729869.1			
LQ729870.1			
LQ729871.1			
LQ729872.1			
LQ729873.1			
LQ729874.1			
LQ729875.1			
LQ729876.1			
LQ729877.1			
LQ729878.1			
LQ729881.1			
LQ868271.1			
LQ868272.1			
LQ868273.1			
LQ868274.1			
LQ868275.1			
LQ868276.1			
LQ868277.1			
LQ868278.1			
LQ868279.1			
LQ868280.1			
LQ868281.1			
LQ868282.1			
LQ868283.1			
LQ868284.1			
LQ868285.1			
LQ868290.1			
LQ868291.1			
LQ868292.1			
LQ868293.1			
LQ868294.1			
LQ868295.1			
LQ868296.1			
LQ868297.1			
LQ868298.1			
LQ868299.1			
LQ868300.1			
LQ868301.1			
LQ868302.1			
LQ868303.1			
LQ868304.1			
LR792671.1	2016-06-21		
LY683291.1			
LY683294.1			
LY720049.1			
LY720057.1			
LZ221254.1			
LZ221255.1			
LZ221256.1			
LZ221257.1			
LZ221258.1			
LZ221259.1			
MA142006.1			
MA847343.1			
MA847344.1			
MF036115.1	2016-11-02	China	Asia
MF048802.1	2016-10-10	Brazil	South America
MF048803.1	2016-11-11	Brazil	South America
MF048804.1	2016-03-05	Brazil	South America
MF048805.1	2016-03-05	Brazil	South America
MF048806.1	2016-07-07	Brazil	South America
MF048807.1	2016-06-05	Brazil	South America
MF048808.1	2016-06-05	Brazil	South America
MF073358.1	2015-06-01	Brazil	South America
MF073359.1	2015-03-01	Brazil	South America
MF077458.1	2016-11-11	Brazil	South America
MF077459.1	2016-06-05	Brazil	South America
MF077460.1	2016-03-05	Brazil	South America
MF077461.1	2016-03-05	Brazil	South America
MF077462.1	2016-07-07	Brazil	South America
MF077463.1	2016-10-10	Brazil	South America
MF098764.1	2016-05-11	Russia	Europe
MF098765.1	2016-05-23	Russia	Europe
MF098766.1	2016-05-31	Russia	Europe
MF098767.1	2016-07-25	Russia	Europe
MF098768.1	2016-08-25	Russia	Europe
MF098769.1	2016-08-25	Russia	Europe
MF098770.1	2016-11-09	Russia	Europe
MF098771.1	2017-01-30	Russia	Europe
MF099651.1	2016-08	China	Asia
MF159531.1	2017-04-19	USA	North America
MF167360.1	2016-02-26	China	Asia
MF173409.1	2016-11-14	India	Asia
MF173410.1	2016-11-14	India	Asia
MF173411.1	2016-11-14	India	Asia
MF352141.1	2015-05-13	Brazil	South America
MF384325.1	2016-05-17	Haiti	North America
MF434516.1	2016-08-05	Nicaragua	North America
MF434517.1	2016-08-19	Nicaragua	North America
MF434518.1	2016-08-26	Nicaragua	North America
MF434519.1	2016-07-22	Nicaragua	North America
MF434520.1	2016-02-07	Nicaragua	North America
MF434521.1	2016-07-19	Nicaragua	North America
MF434522.1	2016-08-29	Nicaragua	North America
MF438286.1	2017-02-12	Cuba	North America
MF593625.1	2016-09-14	China	Asia
MF629796.1	2011-04-05	Nigeria	Africa
MF629797.1	2013-07-05	Nigeria	Africa
MF629798.1	2013-07-10	Senegal	Africa
MF629799.1	2000-11-11	Senegal	Africa
MF664436.1	2016-08-25	Russia	Europe
MF692778.1	2016-10	Taiwan	Asia
MF783073.1	2016-05-10	Haiti	North America
MF794971.1	2016-05-01	Ecuador	South America
MF801377.1	2016-02-22	El Salvador	North America
MF801378.1	2016-07-21	Guatemala	North America
MF801379.1	2016-06-18	Guatemala	North America
MF801380.1	2016-04-11	Guatemala	North America
MF801381.1	2016	Honduras	North America
MF801382.1	2016	Honduras	North America
MF801383.1	2016-06-03	Honduras	North America
MF801384.1	2016-02-03	Honduras	North America
MF801385.1	2016-02-12	Honduras	North America
MF801386.1	2016-02-24	Honduras	North America
MF801387.1	2016-03-29	Honduras	North America
MF801388.1	2016-04-25	Honduras	North America
MF801389.1	2016-05-10	Honduras	North America
MF801390.1	2016	Mexico	North America
MF801391.1	2016-07-06	Mexico	North America
MF801392.1	2016-08-13	Mexico	North America
MF801393.1	2016-04-22	Mexico	North America
MF801394.1	2016-05-03	Mexico	North America
MF801395.1	2016-05-09	Mexico	North America
MF801396.1	2016-05-17	Mexico	North America
MF801397.1	2016-05-20	Mexico	North America
MF801398.1	2016-05-20	Mexico	North America
MF801399.1	2016-05-20	Mexico	North America
MF801400.1	2016-05-20	Mexico	North America
MF801401.1	2016-05-23	Mexico	North America
MF801402.1	2016-05-26	Mexico	North America
MF801403.1	2016-05-25	Mexico	North America
MF801404.1	2016-07-08	Mexico	North America
MF801405.1	2016-07-09	Mexico	North America
MF801406.1	2016-07-07	Mexico	North America
MF801407.1	2016-07-05	Mexico	North America
MF801408.1	2016-07-05	Mexico	North America
MF801409.1	2016-07	Mexico	North America
MF801410.1	2016-07-05	Mexico	North America
MF801411.1	2016-07-05	Mexico	North America
MF801412.1	2016-07-07	Mexico	North America
MF801413.1	2016-07-07	Mexico	North America
MF801414.1	2016-07-05	Mexico	North America
MF801415.1	2016-07-05	Mexico	North America
MF801416.1	2016-07	Mexico	North America
MF801417.1	2016-07-01	Mexico	North America
MF801418.1	2016-06-30	Mexico	North America
MF801419.1	2016-07-01	Mexico	North America
MF801420.1	2016-07-04	Mexico	North America
MF801421.1	2016-07-01	Mexico	North America
MF801422.1	2016-07-01	Mexico	North America
MF801423.1	2016-06-30	Mexico	North America
MF801424.1	2016-07-01	Mexico	North America
MF801425.1	2016-06-24	Nicaragua	North America
MF801426.1	2016-07-25	Nicaragua	North America
MF926508.1	2016-10-13	Nigeria	Africa
MF964216.1	2016-12-01	China	Asia
MF988734.1	2017-08	Singapore	Asia
MF996804.1	2017-08-07	Thailand	Asia
MG012226.1	2015-11	Colombia	South America
MG012227.1	2015-12	Colombia	South America
MG012228.1	2016-03	Colombia	South America
MG012229.1	2016-05	Colombia	South America
MG012230.1	2016-03	Colombia	South America
MG216928.1	2015-07-11	Fiji	Oceania
MG216929.1	2015-07-11	Fiji	Oceania
MG216930.1	2016-05-26	Fiji	Oceania
MG216931.1	2016-07-22	Fiji	Oceania
MG216932.1	2016-08-03	Fiji	Oceania
MG266396.1	2016-12-27	Hungary	Europe
MG279550.1	2016-02-15	Brazil	South America
MG287146.1	2017-06-29	India	Asia
MG366906.1	2006-08-11	Thailand	Asia
MG366907.1	2015-06-27	Thailand	Asia
MG494697.1	2016-11-24	Mexico	North America
MG548660.1	2016-11-30	Thailand	Asia
MG548661.1	2016-11-30	Thailand	Asia
MG645981.1	2006-10-28	Thailand	Asia
MG674718.1	2016-04-16	China	Asia
MG674719.1	2016-04-16	China	Asia
MG742364.1	2017-10-26	Portugal	Europe
MG751804.1	2016-09	China	Asia
MG751805.1	2016-09	China	Asia
MG770183.1	2017-01-26	Brazil	South America
MG770184.1	2017-03-03	Brazil	South America
MG770185.1	2017-03-03	Brazil	South America
MG770186.1	2017-03-03	Brazil	South America
MG807646.1	2016-11-11	Thailand	Asia
MG807647.1	2017-09-07	Thailand	Asia
MG808108.1	2016-10	Malaysia	Asia
MG808109.1	2016-10	Malaysia	Asia
MG808110.1	2016-12	Malaysia	Asia
MG808111.1	2016-12	Malaysia	Asia
MG808112.1	2016-08	Malaysia	Asia
MG808113.1	2016-12	Malaysia	Asia
MG808114.1	2016-12	Malaysia	Asia
MG808115.1	2016-12	Malaysia	Asia
MG808116.1	2016-12	Malaysia	Asia
MG808117.1	2016-12	Malaysia	Asia
MG808118.1	2016-12	Malaysia	Asia
MG808119.1	2016-12	Malaysia	Asia
MG808120.1	2016-12	Malaysia	Asia
MG808121.1	2016-12	Malaysia	Asia
MG808122.1	2016-12	Malaysia	Asia
MG808123.1	2016-12	Malaysia	Asia
MG808124.1	2016-12	Malaysia	Asia
MG808125.1	2017-04	Malaysia	Asia
MG808126.1	2017-02	Malaysia	Asia
MG808127.1	2017-02	Malaysia	Asia
MG808128.1	2017-04	Malaysia	Asia
MG808129.1	2016-12	Malaysia	Asia
MG808130.1	2016-12	Malaysia	Asia
MG808131.1	2016-12	Malaysia	Asia
MG808132.1	2016-12	Malaysia	Asia
MG808133.1	2016-12	Malaysia	Asia
MG808134.1	2016-12	Malaysia	Asia
MG808135.1	2016-12	Malaysia	Asia
MG808136.1	2016-12	Malaysia	Asia
MG808137.1	2016-12	Malaysia	Asia
MG827392.1	2013-10-25	French Polynesia	Oceania
MG877675.1	2016-01	Colombia	South America
MG912101.1	2017-01	Mexico	North America
MG912102.1	2017-02	Mexico	North America
MG967272.1	2014-02-28	Cook Islands	Oceania
MG967273.1	2014-02-28	Cook Islands	Oceania
MG967274.1	2014-03-03	Cook Islands	Oceania
MG967275.1	2014-03-03	Cook Islands	Oceania
MG967276.1	2015	Samoa	Oceania
MG967277.1	2015-10-07	Samoa	Oceania
MG967278.1	2015-03-16	Solomon Islands	Oceania
MG982560.1	2014-04-16	Chile	South America
MG982561.1	2014-05-07	Chile	South America
MG982562.1	2014-05-15	Chile	South America
MG982563.1	2014-05-02	Chile	South America
MG982564.1	2014-05-10	Chile	South America
MG982565.1	2014-05-14	Chile	South America
MG982566.1	2014-04-29	Chile	South America
MG982567.1	2014-04-16	Chile	South America
MG982568.1	2014-05-07	Chile	South America
MG982569.1	2014-05-15	Chile	South America
MG982570.1	2014-05-02	Chile	South America
MG982571.1	2014-05-10	Chile	South America
MG982572.1	2014-05-14	Chile	South America
MG982573.1	2014-04-29	Chile	South America
MH013290.1	2017-10-01	Thailand	Asia
MH027651.1	2017	Brazil	South America
MH055376.1	2016	China	Asia
MH063259.1	2017-07-26	Cuba	North America
MH063260.1	2017-08-08	Cuba	North America
MH063261.1	2017-09-24	Cuba	North America
MH063262.1	2017-07-17	Cuba	North America
MH063263.1	2017-08-05	Cuba	North America
MH063264.1	2017-08-13	Cuba	North America
MH063265.1	2017-07-17	Cuba	North America
MH119185.1	2016-12-01	Thailand	Asia
MH130042.1	2016-09-12	Malaysia	Asia
MH130043.1	2016-09-25	Malaysia	Asia
MH130044.1	2016-12-13	Malaysia	Asia
MH157195.1	2016-08-24	Mexico	North America
MH157196.1	2016-08-29	Mexico	North America
MH157197.1	2016-07-13	Mexico	North America
MH157198.1	2016-09-28	Mexico	North America
MH157199.1	2016-08-08	Mexico	North America
MH157200.1	2016-10-21	Mexico	North America
MH157201.1	2016-06-28	Mexico	North America
MH157202.1	2016-08-10	Mexico	North America
MH157203.1	2016-06-27	Mexico	North America
MH157204.1	2016-10-25	Mexico	North America
MH157205.1	2016-08-15	Mexico	North America
MH157206.1	2016-09-23	Mexico	North America
MH157207.1	2016-08-29	Mexico	North America
MH157208.1	2016-08-22	Mexico	North America
MH157209.1	2016-07-05	Mexico	North America
MH157210.1	2016-08-25	Mexico	North America
MH157211.1	2016-07-29	Mexico	North America
MH157212.1	2016-08-19	Mexico	North America
MH157213.1	2016-06-23	Mexico	North America
MH157214.1	2016-06-24	Mexico	North America
MH158236.1	2010	Cambodia	Asia
MH158237.1	2015	Puerto Rico	North America
MH249062.1	2016	Brazil	South America
MH249063.1	2016	Brazil	South America
MH249064.1	2016	Brazil	South America
MH249065.1	2016	Brazil	South America
MH249066.1	2016	Brazil	South America
MH249067.1	2016	Brazil	South America
MH252914.1	2017	Brazil	South America
MH252915.1	2017-05	Brazil	South America
MH252918.1	2017-05	Brazil	South America
MH252919.1	2017-05	Brazil	South America
MH252920.1	2017-06	Brazil	South America
MH255601.1	2016-09-01	Singapore	Asia
MH255606.1	2016-09-19	Grenada	North America
MH306200.1	2015-08	Brazil	South America
MH306201.1	2015-10	Brazil	South America
MH306202.1	2015-09	Brazil	South America
MH306203.1	2016-02	Brazil	South America
MH306204.1	2015	Brazil	South America
MH306209.1	2017-04-25	Thailand	Asia
MH306210.1	2017-04-25	Thailand	Asia
MH306211.1	2017-04-25	Thailand	Asia
MH306212.1	2017-04-25	Thailand	Asia
MH306213.1	2017-04-25	Thailand	Asia
MH306214.1	2017-04-25	Thailand	Asia
MH306215.1	2017-04-25	Thailand	Asia
MH306216.1	2017-04-25	Thailand	Asia
MH379777.1	2016-11-10	Brazil	South America
MH379778.1	2016-11-10	Brazil	South America
MH379779.1	2016-11-10	Brazil	South America
MH379780.1	2016-11-10	Brazil	South America
MH379781.1	2016-11-10	Brazil	South America
MH379782.1	2016-11-10	Brazil	South America
MH379783.1	2016-11-10	Brazil	South America
MH379784.1	2016-11-10	Brazil	South America
MH430250.1	2016-04-01	Viet Nam	Asia
MH430251.1	2016-10-20	Viet Nam	Asia
MH430252.1	2016-10-21	Viet Nam	Asia
MH430253.1	2016-10-22	Viet Nam	Asia
MH513598.1	2015-12-09	Brazil	South America
MH513599.1	2015-12-11	Brazil	South America
MH513600.1	2015-12-11	Brazil	South America
MH544701.2	2016-01-17	Colombia	South America
MH675619.1	2016-05	Puerto Rico	North America
MH675620.1	2016-05	Puerto Rico	North America
MH675621.1	2016-05	Puerto Rico	North America
MH675622.1	2016-06	Puerto Rico	North America
MH675623.1	2016-06	Puerto Rico	North America
MH675624.1	2016-06	Puerto Rico	North America
MH675625.1	2016-08	Puerto Rico	North America
MH675626.1	2016-08	Puerto Rico	North America
MH675627.1	2016-08	Puerto Rico	North America
MH675628.1	2016-08	Puerto Rico	North America
MH675629.1	2016-08	Puerto Rico	North America
MH675630.1	2016-09	USA	North America
MH718911.1	2015-05-25	Russia	Europe
MH718912.1	2015-06-18	Russia	Europe
MH718913.1	2013-01-10	Russia	Europe
MH718914.1	2012-12-29	Russia	Europe
MH718915.1	2013-01-10	Russia	Europe
MH718916.1	2013-01-10	Russia	Europe
MH718917.1	2013-01-23	Russia	Europe
MH718918.1	2013-01-03	Russia	Europe
MH718919.1	2012-01-07	Russia	Europe
MH718920.1	2013-01-10	Russia	Europe
MH718921.1	2013-01-10	Russia	Europe
MH718922.1	2012-01-07	Russia	Europe
MH718923.1	2012-12-19	Russia	Europe
MH763832.1		Brazil	South America
MH763833.1		Brazil	South America
MH882527.1	2016-04-26	Brazil	South America
MH882528.1	2016-04-26	Brazil	South America
MH882529.1	2016-05-03	Brazil	South America
MH882530.1	2016-05-10	Brazil	South America
MH882531.1	2016-05-17	Brazil	South America
MH882532.1	2016-05-24	Brazil	South America
MH882533.1	2016-06-03	Brazil	South America
MH882534.1	2016-06-08	Brazil	South America
MH882535.1	2016-06-16	Brazil	South America
MH882536.1	2016-06-28	Brazil	South America
MH882537.1	2016-07-05	Brazil	South America
MH882538.1	2016-07-12	Brazil	South America
MH882539.1	2016-07-19	Brazil	South America
MH882540.1	2016-07-27	Brazil	South America
MH882541.1	2016-04-19	Brazil	South America
MH882542.1	2016-04-19	Brazil	South America
MH882543.1	2016-05-05	Brazil	South America
MH882544.1	2016-05-12	Brazil	South America
MH882545.1	2016-05-19	Brazil	South America
MH882546.1	2016-05-24	Brazil	South America
MH882547.1	2016-06-02	Brazil	South America
MH882548.1	2016-06-09	Brazil	South America
MH882549.1	2016-04-30	Brazil	South America
MH900227.1	2016	Mexico	North America
MH938334.1	2015-12-07	Brazil	South America
MK028538.1	2016-12-28	Thailand	Asia
MK028539.1	2016-12-28	Thailand	Asia
MK028540.1	2016-12-28	Thailand	Asia
MK028541.1	2016-12-28	Thailand	Asia
MK028542.1	2017-01-18	Thailand	Asia
MK028543.1	2017-01-18	Thailand	Asia
MK028544.1	2017-01-18	Thailand	Asia
MK028545.1	2017-01-18	Thailand	Asia
MK028546.1	2017-02-08	Thailand	Asia
MK028547.1	2017-02-08	Thailand	Asia
MK028548.1	2017-03-03	Thailand	Asia
MK028549.1	2017-03-03	Thailand	Asia
MK028550.1	2017-03-28	Thailand	Asia
MK028551.1	2017-03-28	Thailand	Asia
MK028552.1	2017-04-06	Thailand	Asia
MK028553.1	2018-01-18	Thailand	Asia
MK028554.1	2018-01-18	Thailand	Asia
MK028555.1	2017-08-03	Thailand	Asia
MK028556.1	2017-08-03	Thailand	Asia
MK028557.1	2017-08-03	Thailand	Asia
MK028857.1	2015	Puerto Rico	North America
MK028858.1	2015	Panama	North America
MK028859.1	2015	Panama	North America
MK028861.1	2015	Panama	North America
MK028862.1	2010	Cambodia	Asia
MK049245.1	2016-02-29	Colombia	South America
MK049246.1	2016-03-09	Colombia	South America
MK049247.1	2016-01-29	Colombia	South America
MK049248.1	2016-07-27	Colombia	South America
MK049249.1	2016-11-02	Colombia	South America
MK049250.1	2016-06-22	Colombia	South America
MK049251.1	2016-08-30	Colombia	South America
MK049252.1	2016-05-16	Colombia	South America
MK050090.1	2016-08-31	Spain	Europe
MK216687.1	2016-02-19	Brazil	South America
MK216688.1	2016-03-10	Brazil	South America
MK216689.1	2016-03-14	Brazil	South America
MK216690.1	2016-03-18	Brazil	South America
MK216691.1	2016-03-15	Brazil	South America
MK216692.1	2016-04-01	Brazil	South America
MK216693.1	2016-04-06	Brazil	South America
MK216694.1	2016-04-05	Brazil	South America
MK216695.1	2016-04-05	Brazil	South America
MK216696.1	2016-04-08	Brazil	South America
MK216697.1	2016-04-26	Brazil	South America
MK216698.1	2016-04-25	Brazil	South America
MK216699.1	2016-05-16	Brazil	South America
MK216700.1	2017-04-26	Brazil	South America
MK216701.1	2017-04-27	Brazil	South America
MK216702.1	2016-02-11	Brazil	South America
MK216703.1	2016-02-15	Brazil	South America
MK216704.1	2016-02-19	Brazil	South America
MK216705.1	2016-04-05	Brazil	South America
MK216706.1	2016-03-01	Brazil	South America
MK216707.1	2016-02-29	Brazil	South America
MK216708.1	2016-03-02	Brazil	South America
MK216709.1	2016-03-01	Brazil	South America
MK216710.1	2016-02-03	Brazil	South America
MK216711.1	2016-02-10	Brazil	South America
MK216712.1	2016-02-10	Brazil	South America
MK216713.1	2016-01-08	Brazil	South America
MK216714.1	2016-01-29	Brazil	South America
MK216715.1	2016-02-10	Brazil	South America
MK216716.1	2016-02-02	Brazil	South America
MK216717.1	2016-02-02	Brazil	South America
MK216718.1	2016-02-10	Brazil	South America
MK216719.1	2016-02-10	Brazil	South America
MK216720.1	2016-01-25	Brazil	South America
MK216721.1	2016-01-25	Brazil	South America
MK216722.1	2016-01-20	Brazil	South America
MK216723.1	2016-01-14	Brazil	South America
MK216724.1	2016-01-14	Brazil	South America
MK216725.1	2016-01-26	Brazil	South America
MK216726.1	2016-01-25	Brazil	South America
MK216727.1	2016-01-30	Brazil	South America
MK216728.1	2016-01-23	Brazil	South America
MK216729.1	2015-12-16	Brazil	South America
MK216730.1	2016-01-05	Brazil	South America
MK216731.1	2016-01-29	Brazil	South America
MK216732.1	2016-02-02	Brazil	South America
MK216733.1	2016-02-01	Brazil	South America
MK216734.1	2017-03-20	Brazil	South America
MK216735.1	2017-03-20	Brazil	South America
MK216736.1	2017-03-27	Brazil	South America
MK216737.1	2017-03-22	Brazil	South America
MK216738.1	2017-03-24	Brazil	South America
MK216739.1	2017-03-20	Brazil	South America
MK216740.1	2017-03-27	Brazil	South America
MK216741.1	2017-03-28	Brazil	South America
MK216742.1	2017-03-29	Brazil	South America
MK216743.1	2017-03-28	Brazil	South America
MK216744.1	2017-04-07	Brazil	South America
MK216745.1	2015-12-08	Brazil	South America
MK216746.1	2016-01-20	Brazil	South America
MK216747.1	2015-12-15	Brazil	South America
MK216748.1	2015-12-15	Brazil	South America
MK237993.1	2017	Thailand	Asia
MK237994.1	2017	Thailand	Asia
MK237995.1	2017	Thailand	Asia
MK237996.1	2017	Thailand	Asia
MK237997.1	2017	Thailand	Asia
MK237998.1	2017	Thailand	Asia
MK237999.1	2017	Thailand	Asia
MK238035.1	2018-09-18	India	Asia
MK238036.1	2018-10-10	India	Asia
MK238037.1	2018-10-10	India	Asia
MK238038.1	2018-10-15	India	Asia
MK238039.1	2018-10-11	India	Asia
MK241415.1	2015-12-03	Cape Verde	Africa
MK241416.1	2015-11-27	Cape Verde	Africa
MK241417.1	2016-06-04	Cape Verde	Africa
MK269353.1	2016-08-28	USA	North America
MK269354.1	2016-08-20	USA	North America
MK269355.1	2016-09-02	USA	North America
MK269356.1	2016-08-19	USA	North America
MK269357.1	2016-09-03	USA	North America
MK269358.1	2016-09-01	USA	North America
MK269359.1	2016-08-18	USA	North America
MK269360.1	2016-08-09	USA	North America
MK269361.1	2016-08-05	USA	North America
MK271800.1	2016-01-22	Thailand	Asia
MK271801.1	2016-07-09	Thailand	Asia
MK271802.1	2016-06-26	Thailand	Asia
MK271803.1	2016-06-26	Thailand	Asia
MK271804.1	2016-06-26	Thailand	Asia
MK271805.1	2016-02-13	Thailand	Asia
MK271806.1	2016-02-13	Thailand	Asia
MK271807.1	2016-02-13	Thailand	Asia
MK271808.1	2016-02-13	Thailand	Asia
MK271809.1	2016-02-13	Thailand	Asia
MK271810.1	2016-02-13	Thailand	Asia
MK271811.1	2016-02-13	Thailand	Asia
MK271812.1	2016-02-13	Thailand	Asia
MK271813.1	2016-02-13	Thailand	Asia
MK271814.1	2016-02-13	Thailand	Asia
MK271815.1	2016-02-13	Thailand	Asia
MK271816.1	2016-02-13	Thailand	Asia
MK271817.1	2016-02-13	Thailand	Asia
MK271818.1	2016-02-13	Thailand	Asia
MK271819.1	2016-02-13	Thailand	Asia
MK271820.1	2016-02-13	Thailand	Asia
MK271821.1	2016-08-10	Thailand	Asia
MK271822.1	2016-08-10	Thailand	Asia
MK271823.1	2016-08-10	Thailand	Asia
MK271824.1	2016-08-10	Thailand	Asia
MK271825.1	2016-02-20	Thailand	Asia
MK271826.1	2016-02-20	Thailand	Asia
MK271827.1	2016-09-13	Thailand	Asia
MK271828.1	2016-09-13	Thailand	Asia
MK271829.1	2016-09-13	Thailand	Asia
MK271830.1	2016-09-13	Thailand	Asia
MK271831.1	2016-09-13	Thailand	Asia
MK271832.1	2016-09-13	Thailand	Asia
MK271833.1	2016-09-13	Thailand	Asia
MK271834.1	2016-09-13	Thailand	Asia
MK271835.1	2016-09-13	Thailand	Asia
MK271836.1	2016-02-10	Thailand	Asia
MK271837.1	2016-02-10	Thailand	Asia
MK271838.1	2016-02-10	Thailand	Asia
MK271839.1	2016-02-10	Thailand	Asia
MK271840.1	2016-02-10	Thailand	Asia
MK271841.1	2016-05-30	Thailand	Asia
MK271842.1	2016-05-30	Thailand	Asia
MK271843.1	2016-05-30	Thailand	Asia
MK271844.1	2016-05-30	Thailand	Asia
MK271845.1	2016-05-30	Thailand	Asia
MK271846.1	2016-05-30	Thailand	Asia
MK271847.1	2016-05-30	Thailand	Asia
MK271848.1	2016-05-30	Thailand	Asia
MK271849.1	2016-05-30	Thailand	Asia
MK271850.1	2016-09-23	Thailand	Asia
MK271851.1	2016-05-30	Thailand	Asia
MK271852.1	2016-06-19	Thailand	Asia
MK271853.1	2016-09-11	Thailand	Asia
MK271854.1	2016-09-11	Thailand	Asia
MK271855.1	2016-09-13	Thailand	Asia
MK271856.1	2016-09-13	Thailand	Asia
MK271857.1	2016-10-03	Thailand	Asia
MK271858.1	2016-10-03	Thailand	Asia
MK271859.1	2016-10-03	Thailand	Asia
MK271860.1	2016-10-03	Thailand	Asia
MK271861.1	2016-10-03	Thailand	Asia
MK271862.1	2016-10-03	Thailand	Asia
MK271863.1	2016-10-06	Thailand	Asia
MK271864.1	2016-10-06	Thailand	Asia
MK271865.1	2016-08-20	Thailand	Asia
MK271866.1	2016-09-02	Thailand	Asia
MK271867.1	2016-09-02	Thailand	Asia
MK271868.1	2016-09-02	Thailand	Asia
MK271869.1	2016-09-02	Thailand	Asia
MK271870.1	2016-09-02	Thailand	Asia
MK271871.1	2016-09-02	Thailand	Asia
MK271872.1	2016-09-02	Thailand	Asia
MK271873.1	2016-09-02	Thailand	Asia
MK271874.1	2016-09-20	Thailand	Asia
MK271875.1	2016-06-05	Thailand	Asia
MK271876.1	2016-06-05	Thailand	Asia
MK271877.1	2016-06-20	Thailand	Asia
MK271878.1	2016-06-20	Thailand	Asia
MK282406.1	2016-09-08	Thailand	Asia
MK282407.1	2016-09-08	Thailand	Asia
MK282408.1	2016-09-08	Thailand	Asia
MK282409.1	2016-09-08	Thailand	Asia
MK282410.1	2016-09-08	Thailand	Asia
MK282411.1	2016-09-08	Thailand	Asia
MK282412.1	2016-09-05	Thailand	Asia
MK371391.1	2017-02-07	Brazil	South America
MK371392.1	2017-02-07	Brazil	South America
MK371393.1	2016-10-10	Brazil	South America
MK434848.1	2018-12-15	Hungary	Europe
MK451708.1	2018-02-15	Brazil	South America
MK560178.1	2017-10-09	Cuba	North America
MK560179.1	2018-01-18	Cuba	North America
MK637518.1	2017-10-07	Argentina	South America
MK637519.1	2016-01-02	Argentina	South America
MK696546.1	2018-06	China	Asia
MK696547.1	2018-06	China	Asia
MK696548.1	2018-06	China	Asia
MK696549.1	2018-06	China	Asia
MK696550.1	2018-06	China	Asia
MK696551.1	2018-07	China	Asia
MK713748.1	2015-12-01	Puerto Rico	North America
MK713750.1	2016-05-26	Honduras	North America
MK829152.1	2017-05-25	Angola	Africa
MK829153.1	2017-06	Angola	Africa
MK829154.1	2017-10-26	Portugal	Europe
MK852163.1	2018-09-25	India	Asia
MK972825.1	2019-01-08	Brazil	South America
MK972826.1	2018-10-18	Brazil	South America
MN025403.1	2018-08-29	Guinea	Africa
MN101548.1	2017-11-11	Brazil	South America
MN170700.1	2018-03-07	Brazil	South America
MN170701.1	2018-03-07	Brazil	South America
MN170702.1	2018-03-07	Brazil	South America
MN170703.1	2018-03-07	Brazil	South America
MN170704.1	2018-03-07	Brazil	South America
MN170705.1	2018-03-07	Brazil	South America
MN170706.1	2018-03-07	Brazil	South America
MN170707.1	2018-03-07	Brazil	South America
MN170708.1	2018-03-07	Brazil	South America
MN170709.1	2018-03-07	Brazil	South America
MN170710.1	2018-03-07	Brazil	South America
MN170711.1	2018-03-07	Brazil	South America
MN170712.1	2018-03-07	Brazil	South America
MN170713.1	2018-03-07	Brazil	South America
MN170714.1	2018-03-07	Brazil	South America
MN170715.1	2018-03-07	Brazil	South America
MN171421.1	2015-12-21	Puerto Rico	North America
MN190155.1	2019-07-02	China	Asia
MN473450.1	2016	Canada	North America
MN473451.1	2016	Canada	North America
MN473452.1	2016	Canada	North America
MN473453.1	2016	Canada	North America
MN473454.1	2016	Canada	North America
MN527290.1	2017-08-23	Thailand	Asia
MN566104.1	2016-05-31	Haiti	North America
MN566105.1	2016-05-31	Haiti	North America
MN566106.1	2016-05-31	Haiti	North America
MN566107.1	2016-05-31	Haiti	North America
MN566108.1	2016-05-31	Haiti	North America
MN577543.1	2014-12-11	Haiti	North America
MN577544.1	2016-06-01	Haiti	North America
MN577550.1	2016-01-19	Nicaragua	North America
MN600713.1	2019-10-03	Malaysia	Asia
MN611472.1	2019-07-01	China	Asia
MN755616.1	1984-11-17	Senegal	Africa
MN755617.1	1968-09-09	Nigeria	Africa
MN755618.1	2016-01	Mexico	North America
MN755619.1	2013	French Polynesia	Oceania
MN755620.1	2015-12	Colombia	South America
MN755621.1	2010	Cambodia	Asia
MN755622.1	2015	Brazil	South America
MN755623.1	2015-12	Puerto Rico	North America
MN755624.1	1947-04-20	Uganda	Africa
MN755625.1	1966-07	Malaysia	Asia
MN755626.1	2013-02-19	Thailand	Asia
MN938894.1	2015-08-31	Viet Nam	Asia
MN938895.1	2015-08-07	Viet Nam	Asia
MN938896.1	2015-07-22	Viet Nam	Asia
MN938897.1	2015-06-19	Viet Nam	Asia
MN938898.1	2015-07-29	Viet Nam	Asia
MN938899.1	2015-07-21	Viet Nam	Asia
MN938900.1	2015-07-27	Viet Nam	Asia
MN938901.1	2015-08-31	Viet Nam	Asia
MN938902.1	2015-06-15	Viet Nam	Asia
MN938903.1	2015-06-23	Viet Nam	Asia
MN938904.1	2015-07-02	Viet Nam	Asia
MN938905.1	2015-07-21	Viet Nam	Asia
MN938906.1	2015-07-25	Viet Nam	Asia
MN938907.1	2015-07-24	Viet Nam	Asia
MN938908.1	2015-08-03	Viet Nam	Asia
MN938909.1	2015-08-07	Viet Nam	Asia
MN938910.1	2015-08-13	Viet Nam	Asia
MN938911.1	2015-08-21	Viet Nam	Asia
MP051955.1			
MP051956.1			
MP231720.1			
MP231721.1			
MP231722.1			
MP231723.1			
MP231724.1			
MP251938.1			
MP251941.1			
MP251944.1			
MP251947.1			
MP508152.1			
MT078742.1	2017-06-29	Brazil	South America
MT084112.1	2018-04	Nigeria	Africa
MT125019.1	2017-06-23	Thailand	Asia
MT309004.1	2018	Mexico	North America
MT309005.1	2018	Mexico	North America
MT309006.1	2018	Mexico	North America
MT309007.1	2019	Mexico	North America
MT309008.1	2018	Mexico	North America
MT377491.2	2017-03-20	Thailand	Asia
MT377492.1	2016-03-20	Thailand	Asia
MT377493.2	2017-02-23	Thailand	Asia
MT377494.1	2017-11-24	Thailand	Asia
MT377495.2	2017-12-04	Thailand	Asia
MT377496.2	2016-11-20	Thailand	Asia
MT377497.1	2016-11-25	Thailand	Asia
MT377498.1	2016-04-26	Thailand	Asia
MT377499.2	2016-12-08	Thailand	Asia
MT377500.2	2016-12-20	Thailand	Asia
MT377501.2	2017-11-22	Thailand	Asia
MT377502.1	2006-10-28	Thailand	Asia
MT377503.1	2015-08-27	Thailand	Asia
MT377504.1	2006-09-06	Thailand	Asia
MT437401.1	2019-03-27	Brazil	South America
MT439638.1	2016-03-21	Brazil	South America
MT439639.1	2016-04-11	Brazil	South America
MT439640.1	2016-03-24	Brazil	South America
MT439641.1	2016-04-05	Brazil	South America
MT439642.1	2016-04-06	Brazil	South America
MT439643.1	2016-04-12	Brazil	South America
MT439644.1	2016-04-20	Brazil	South America
MT439645.1	2016-03-18	Brazil	South America
MT439646.1	2016-04-06	Brazil	South America
MT439647.1	2016-04-14	Brazil	South America
MT478034.1	2019-03-27	Brazil	South America
MT482106.1	2011-06-17	Uganda	Africa
MT482107.1	2011-06-17	Uganda	Africa
MT482108.1	2013-01-30	Uganda	Africa
MT482109.1	2009	Uganda	Africa
MT483911.1	2016-07-25	Brazil	South America
MT671183.1	2020-06-24	Mexico	North America
MT671184.1	2020-06-24	Mexico	North America
MW008559.1	2016-08-15	Trinidad and Tobago	North America
MW012427.1	2016	Trinidad and Tobago	North America
MW012428.1	2016	Trinidad and Tobago	North America
MW015936.1	2006-08-11	Thailand	Asia
MW122373.1	2016-07-20	Puerto Rico	North America
MW122374.1	2016-04-27	Puerto Rico	North America
MW122375.1	2016-07-13	Puerto Rico	North America
MW122376.1	2016-06-28	Puerto Rico	North America
MW122377.1	2016-07-30	Puerto Rico	North America
MW122378.1	2016-07-01	Puerto Rico	North America
MW122379.1	2016-08-15	Puerto Rico	North America
MW122380.1	2016-08-26	Puerto Rico	North America
MW122381.1	2016-10-17	Puerto Rico	North America
MW122382.1	2016-06-23	Puerto Rico	North America
MW122383.1	2016-06-25	Puerto Rico	North America
MW122384.1	2016-09-19	Puerto Rico	North America
MW122385.1	2016-06-23	Puerto Rico	North America
MW122386.1	2016-07-17	Puerto Rico	North America
MW122387.1	2016-07-14	Puerto Rico	North America
MW122388.1	2016-10-31	Puerto Rico	North America
MW122389.1	2016-09-07	Puerto Rico	North America
MW122390.1	2016-10-11	Puerto Rico	North America
MW122391.1	2016-08-06	Puerto Rico	North America
MW122392.1	2016-11-07	Puerto Rico	North America
MW122393.1	2016-06-24	Puerto Rico	North America
MW122394.1	2016-07-14	Puerto Rico	North America
MW122395.1	2016-07-23	Puerto Rico	North America
MW122396.1	2016-08-11	Puerto Rico	North America
MW122397.1	2016-09-27	Puerto Rico	North America
MW122398.1	2016-09-19	Puerto Rico	North America
MW122399.1	2016-11-04	Puerto Rico	North America
MW122400.1	2016-11-10	Puerto Rico	North America
MW122401.1	2016-09-15	Puerto Rico	North America
MW122402.1	2016-07-01	Puerto Rico	North America
MW122403.1	2016-06-30	Puerto Rico	North America
MW122404.1	2016-08-15	Puerto Rico	North America
MW122405.1	2016-08-19	Puerto Rico	North America
MW122406.1	2016-08-18	Puerto Rico	North America
MW122407.1	2016-08-31	Puerto Rico	North America
MW122408.1	2016-09-27	Puerto Rico	North America
MW122409.1	2016-10-20	Puerto Rico	North America
MW122410.1	2016-10-25	Puerto Rico	North America
MW122411.1	2016-10-16	Puerto Rico	North America
MW122412.1	2016-11-03	Puerto Rico	North America
MW122413.1	2016-12-11	Puerto Rico	North America
MW122414.1	2016-08-15	Puerto Rico	North America
MW122415.1	2017-01-20	Puerto Rico	North America
MW122416.1	2016-06-04	Puerto Rico	North America
MW122417.1	2016-06-13	Puerto Rico	North America
MW122418.1	2016-05-26	Puerto Rico	North America
MW122419.1	2016-07-09	Puerto Rico	North America
MW122420.1	2016-08-09	Puerto Rico	North America
MW122421.1	2016-08-17	Puerto Rico	North America
MW122422.1	2016-09-07	Puerto Rico	North America
MW122423.1	2016-10-06	Puerto Rico	North America
MW122424.1	2016-12-02	Puerto Rico	North America
MW122425.1	2016-06-29	Puerto Rico	North America
MW122426.1	2016-07-03	Puerto Rico	North America
MW122427.1	2016-08-23	Puerto Rico	North America
MW122428.1	2016-09-15	Puerto Rico	North America
MW122429.1	2016-10-02	Puerto Rico	North America
MW122430.1	2016-11-03	Puerto Rico	North America
MW122431.1	2016-11-03	Puerto Rico	North America
MW122432.1	2016-06-28	Puerto Rico	North America
MW122433.1	2016-07-27	Puerto Rico	North America
MW122434.1	2016-07-19	Puerto Rico	North America
MW122435.1	2016-08-17	Puerto Rico	North America
MW122436.1	2016-10-09	Puerto Rico	North America
MW122437.1	2016-10-20	Puerto Rico	North America
MW122438.1	2016-11-21	Puerto Rico	North America
MW122439.1	2016-11-29	Puerto Rico	North America
MW122440.1	2016-08-03	Puerto Rico	North America
MW122441.1	2016-08-23	Puerto Rico	North America
MW122442.1	2016-08-26	Puerto Rico	North America
MW122443.1	2016-08-31	Puerto Rico	North America
MW122444.1	2016-09-10	Puerto Rico	North America
MW122445.1	2016-12-08	Puerto Rico	North America
MW122446.1	2016-06-20	Puerto Rico	North America
MW122447.1	2016-06-27	Puerto Rico	North America
MW122448.1	2016-10-04	Puerto Rico	North America
MW122449.1	2016-12-08	Puerto Rico	North America
MW122450.1	2017-01-10	Puerto Rico	North America
MW122451.1	2017-01-03	Puerto Rico	North America
MW122452.1	2017-01-19	Puerto Rico	North America
MW122453.1	2016-07-27	Puerto Rico	North America
MW122454.1	2016-06-27	Puerto Rico	North America
MW122455.1	2017-01-19	Puerto Rico	North America
MW123921.1	2016-04-26	Brazil	South America
MW123922.1	2016-05-10	Brazil	South America
MW123923.1	2016-06-16	Brazil	South America
MW123924.1	2016-05-07	Brazil	South America
MW123925.1	2015	Brazil	South America
MW123926.1	2015	Brazil	South America
MW143017.1	1947	Uganda	Africa
MW143018.1	1947	Uganda	Africa
MW143019.1	1947	Uganda	Africa
MW143020.1	1947	Uganda	Africa
MW143021.1	1947	Uganda	Africa
MW143022.1	1947	Uganda	Africa
MW165880.1	2016-10-14	Virgin Islands	North America
MW165881.1	2016-10-17	Virgin Islands	North America
MW165882.1	2016-09-27	Virgin Islands	North America
MW165883.1	2016-09-08	Virgin Islands	North America
MW165884.1	2016-07-19	Virgin Islands	North America
MW389532.1	2015-12	China	Asia
MW389533.1	2015-12	China	Asia
MW389534.1	2015-12	China	Asia
MW389535.1	2016-02	China	Asia
MW389536.1	2016-02	China	Asia
MW389537.1	2015-01	China	Asia
MW894610.1	2017-10	Colombia	South America
MW894611.1	2018-06	Colombia	South America
MW894612.1	2017-10	Colombia	South America
MW894613.1	2017-10	Colombia	South America
MW894614.1	2018-06	Colombia	South America
MW915410.1	2017-01-24	Viet Nam	Asia
MW915411.1	2016-04-02	Viet Nam	Asia
MW915412.1	2016-10-06	Viet Nam	Asia
MW915413.1	2016-11-17	Viet Nam	Asia
MW915414.1	2016-11-22	Viet Nam	Asia
MW915415.1	2016	Viet Nam	Asia
MZ008356.1	2019-12	Cambodia	Asia
MZ126475.1	2016-11	Barbados	North America
MZ126476.1	2016-11	Barbados	North America
MZ318404.1	2009-10-30	Thailand	Asia
MZ318405.1	2009-11-21	Thailand	Asia
MZ318406.1	2009-01-19	Thailand	Asia
MZ318407.1	2007-04-27	Thailand	Asia
MZ318408.1	2007-04-30	Thailand	Asia
MZ318409.1	2009-03-13	Thailand	Asia
MZ318410.1	2009-07-09	Thailand	Asia
MZ318411.1	2009-07-13	Thailand	Asia
MZ318412.1	2008-06-08	Thailand	Asia
MZ318413.1	2009-08-23	Thailand	Asia
MZ318414.1	2008-07-03	Thailand	Asia
MZ318415.1	2008-07-16	Thailand	Asia
MZ318416.1	2008-08-11	Thailand	Asia
MZ318417.1	2008-09-10	Thailand	Asia
MZ318418.1	2008-08-29	Thailand	Asia
MZ318419.1	2008-11-11	Thailand	Asia
MZ318420.1	2008-11-19	Thailand	Asia
MZ670001.1	2021-07-10	India	Asia
MZ686202.1	2021-07-11	India	Asia
MZ686203.1	2021-07-11	India	Asia
MZ686204.1	2021-07-20	India	Asia
NC_012532.1		Uganda	Africa
NC_035889.1	2015	Brazil	South America
OF382077.1			
OK054351.1	2021-07-28	India	Asia
OK054369.1	2016-08-24	Nicaragua	North America
OK054370.1	2016-10-03	Nicaragua	North America
OK054371.1	2016-08-23	Nicaragua	North America
OK054372.1	2016-08-18	Nicaragua	North America
OK054373.1	2016-08-15	Nicaragua	North America
OK054374.1	2016-07-26	Nicaragua	North America
OK054375.1	2016-09-15	Nicaragua	North America
OK054376.1	2016-09-06	Nicaragua	North America
OK054377.1	2016-08-03	Nicaragua	North America
OK054378.1	2016-08-28	Nicaragua	North America
OK054379.1	2016-06-26	Nicaragua	North America
OK054380.1	2016-09-08	Nicaragua	North America
OK054381.1	2016-08-18	Nicaragua	North America
OK054382.1	2016-08-15	Nicaragua	North America
OK054383.1	2016-09-27	Nicaragua	North America
OK054384.1	2016-07-16	Nicaragua	North America
OK054385.1	2016-07-23	Nicaragua	North America
OK054386.1	2016-08-05	Nicaragua	North America
OK054387.1	2016-10-11	Nicaragua	North America
OK054388.1	2016-06-28	Nicaragua	North America
OK054389.1	2016-07-29	Nicaragua	North America
OK054390.1	2016-07-15	Nicaragua	North America
OK054391.1	2016-07-25	Nicaragua	North America
OK054392.1	2016-07-27	Nicaragua	North America
OK054393.1	2016-07-15	Nicaragua	North America
OK054394.1	2016-08-15	Nicaragua	North America
OK054395.1	2016-07-21	Nicaragua	North America
OK054396.1	2016-07-07	Nicaragua	North America
OK054397.1	2016-07-29	Nicaragua	North America
OK054398.1	2016-07-29	Nicaragua	North America
OK054399.1	2016-07-13	Nicaragua	North America
OK054400.1	2016-08-05	Nicaragua	North America
OK054401.1	2016-07-31	Nicaragua	North America
OK054402.1	2016-07-12	Nicaragua	North America
OK054403.1	2016-09-29	Nicaragua	North America
OK054404.1	2016-08-01	Nicaragua	North America
OK054405.1	2016-02-26	Nicaragua	North America
OK054406.1	2016-07-28	Nicaragua	North America
OK054407.1	2016-07-29	Nicaragua	North America
OK054408.1	2016-08-20	Nicaragua	North America
OK054409.1	2016-08-09	Nicaragua	North America
OK054410.1	2016-07-28	Nicaragua	North America
OK054411.1	2016-08-29	Nicaragua	North America
OK054412.1	2016-08-25	Nicaragua	North America
OK054413.1	2016-07-31	Nicaragua	North America
OK054414.1	2016-07-25	Nicaragua	North America
OK054415.1	2016-08-02	Nicaragua	North America
OK054416.1	2016-07-25	Nicaragua	North America
OK054417.1	2016-09-08	Nicaragua	North America
OK054418.1	2016-07-22	Nicaragua	North America
OK054419.1	2016-07-22	Nicaragua	North America
OK054420.1	2016-08-19	Nicaragua	North America
OK054421.1	2016-07-30	Nicaragua	North America
OK054422.1	2016-08-09	Nicaragua	North America
OK054423.1	2016-07-23	Nicaragua	North America
OK054424.1	2016-07-25	Nicaragua	North America
OK054425.1	2016-09-07	Nicaragua	North America
OK054426.1	2016-09-30	Nicaragua	North America
OK054427.1	2016-07-28	Nicaragua	North America
OK054428.1	2016-08-03	Nicaragua	North America
OK054429.1	2016-08-02	Nicaragua	North America
OK054430.1	2016-07-26	Nicaragua	North America
OK054431.1	2016-08-04	Nicaragua	North America
OK054432.1	2016-08-26	Nicaragua	North America
OK054433.1	2016-07-29	Nicaragua	North America
OK054434.1	2016-08-12	Nicaragua	North America
OK054435.1	2016-07-25	Nicaragua	North America
OK054436.1	2016-07-14	Nicaragua	North America
OK054437.1	2016-08-05	Nicaragua	North America
OK054438.1	2016-01-13	Nicaragua	North America
OK054439.1	2016-07-24	Nicaragua	North America
OK054440.1	2016-07-13	Nicaragua	North America
OK054441.1	2016-08-03	Nicaragua	North America
OK054442.1	2016-08-14	Nicaragua	North America
OK054443.1	2016-08-15	Nicaragua	North America
OK054444.1	2016-02-07	Nicaragua	North America
OK054445.1	2016-07-18	Nicaragua	North America
OK054446.1	2016-08-19	Nicaragua	North America
OK054447.1	2016-08-25	Nicaragua	North America
OK054448.1	2016-07-26	Nicaragua	North America
OK054449.1	2016-08-07	Nicaragua	North America
OK054450.1	2016-08-24	Nicaragua	North America
OK054451.1	2016-07-28	Nicaragua	North America
OK054452.1	2016-08-03	Nicaragua	North America
OK054453.1	2016-07-27	Nicaragua	North America
OK054454.1	2016-07-16	Nicaragua	North America
OK054455.1	2016-07-23	Nicaragua	North America
OK054456.1	2016-09-18	Nicaragua	North America
OK054457.1	2016-07-24	Nicaragua	North America
OK054458.1	2016-08-06	Nicaragua	North America
OK054459.1	2016-07-12	Nicaragua	North America
OK054460.1	2016-08-14	Nicaragua	North America
OK054461.1	2016-02-01	Nicaragua	North America
OK054462.1	2016-07-27	Nicaragua	North America
OK054463.1	2016-08-14	Nicaragua	North America
OK054464.1	2016-08-15	Nicaragua	North America
OK054465.1	2016-07-12	Nicaragua	North America
OK054466.1	2016-07-13	Nicaragua	North America
OK054467.1	2016-07-09	Nicaragua	North America
OK054468.1	2016-07-27	Nicaragua	North America
OK054469.1	2016-07-10	Nicaragua	North America
OK054470.1	2016-04-22	Nicaragua	North America
OK054471.1	2016-08-26	Nicaragua	North America
OK054472.1	2016-08-19	Nicaragua	North America
OK054473.1	2016-07-04	Nicaragua	North America
OK054474.1	2016-09-02	Nicaragua	North America
OK054475.1	2016-09-12	Nicaragua	North America
OK054476.1	2016-08-30	Nicaragua	North America
OK054477.1	2016-08-16	Nicaragua	North America
OK054478.1	2016-08-21	Nicaragua	North America
OK054479.1	2016-08-08	Nicaragua	North America
OK054480.1	2016-08-23	Nicaragua	North America
OK054481.1	2016-08-29	Nicaragua	North America
OK054482.1	2016-07-27	Nicaragua	North America
OK054483.1	2016-07-12	Nicaragua	North America
OK054484.1	2016-07-31	Nicaragua	North America
OK054485.1	2016-07-17	Nicaragua	North America
OK054486.1	2016-08-07	Nicaragua	North America
OK054487.1	2016-07-23	Nicaragua	North America
OK569755.1			
OK569756.1			
OK569757.1			
OK569758.1			
OK569759.1			
OK569760.1			
OK571913.1	2014-11-25	Haiti	North America
OK573004.1		USA	North America
OK573005.1		USA	North America
OK573006.1		USA	North America
OK573007.1		USA	North America
OK573008.1		USA	North America
OK573247.1		USA	North America
OK573248.1		USA	North America
OK573249.1		USA	North America
OK573250.1		USA	North America
OK573251.1		USA	North America
OK573252.1		USA	North America
OK573253.1		USA	North America
OK573254.1		USA	North America
OK573255.1		USA	North America
OK573256.1		USA	North America
OK573257.1		USA	North America
OK573280.1		USA	North America
OK573281.1		USA	North America
OK573282.1		USA	North America
OK573283.1		USA	North America
OK573284.1		USA	North America
OK573285.1		USA	North America
OK573286.1		USA	North America
OK573287.1		USA	North America
OK573288.1		USA	North America
OK573289.1		USA	North America
OK573290.1		USA	North America
OK573291.1		USA	North America
OK573292.1		USA	North America
OK573293.1		USA	North America
OK573294.1		USA	North America
OK573295.1		USA	North America
OK573296.1		USA	North America
OK573297.1		USA	North America
OK573298.1		USA	North America
OK573299.1		USA	North America
OK573300.1		USA	North America
OK573301.1		USA	North America
OK573302.1		USA	North America
OK573303.1		USA	North America
OK573304.1		USA	North America
OK573305.1		USA	North America
OK573306.1		USA	North America
OL423647.1	2016-04-20	Brazil	South America
OL423648.1	2016-05-01	Brazil	South America
OL423649.1	2016-04-29	Brazil	South America
OL423650.1	2016-06-02	Brazil	South America
OL423651.1	2016-07-20	Brazil	South America
OL423652.1	2016-03-31	Brazil	South America
OL423653.1	2016-04-01	Brazil	South America
OL423654.1	2016-04-24	Brazil	South America
OL423655.1	2016-02-22	Brazil	South America
OL423656.1	2017-06-01	Brazil	South America
OL423657.1	2017-06-30	Brazil	South America
OL423658.1	2017-11-23	Brazil	South America
OL423659.1	2017-12-07	Brazil	South America
OL423660.1	2017-01-02	Brazil	South America
OL423661.1	2017-01-20	Brazil	South America
OL423662.1	2017-02-23	Brazil	South America
OL423663.1	2018-04-18	Brazil	South America
OL423664.1	2017-03-08	Brazil	South America
OL423665.1	2018-01-26	Brazil	South America
OL423666.1	2018-03-26	Brazil	South America
OL423667.1	2018-03-23	Brazil	South America
OL423668.1	2017-03-17	Brazil	South America
OL423669.1	2016-02-22	Brazil	South America
OL450364.1	2015-04-13	Haiti	North America
OL450365.1	2015-10-08	Haiti	North America
OL450366.1	2015-10-20	Haiti	North America
OM522327.1	2021-09-16	Mexico	North America
OM666891.1	2021-08-20	India	Asia
OM666892.1	2021-07-22	India	Asia
OM666893.1	2021-07-22	India	Asia
OM831146.1	2016-07	Ecuador	South America
OM831147.1	2016-12	Ecuador	South America
OM831148.1	2017-01	Ecuador	South America
OM831149.1	2017-03	Ecuador	South America
OM831150.1	2017-03	Ecuador	South America
OM831151.1	2017-03	Ecuador	South America
OM831152.1	2017-04	Ecuador	South America
OM831153.1	2017-03	Ecuador	South America
OM831154.1	2017-03	Ecuador	South America
OM936182.1	2019-09-04	Thailand	Asia
OM936183.1	2019-09-17	Thailand	Asia
OM936184.1	2019-09-18	Thailand	Asia
OM936185.1	2019-09-25	Thailand	Asia
OM936186.1	2019-09-27	Thailand	Asia
OM936187.1	2019-10-03	Thailand	Asia
OM936188.1	2019-11-04	Thailand	Asia
OM936189.1	2019-11-07	Thailand	Asia
OM936190.1	2019-11-27	Thailand	Asia
OM936191.1	2019-12-12	Thailand	Asia
OM936192.1	2019-12-24	Thailand	Asia
OM936193.1	2020-01-14	Thailand	Asia
OM936194.1	2020-01-26	Thailand	Asia
OM936195.1	2020-01-28	Thailand	Asia
OM964565.1	2019-10-03	Thailand	Asia
OM964566.1	2019-12-12	Thailand	Asia
OM964567.1	2019-12-24	Thailand	Asia
OM964568.1	2020-01-26	Thailand	Asia
ON103519.1	2021-06-07	India	Asia
ON123672.1			
ON142671.1	2020-01-17	Thailand	Asia
ON142672.1	2020-07-01	Thailand	Asia
ON142673.1	2020-10-09	Thailand	Asia
ON142674.1	2021-01-05	Thailand	Asia
ON209935.1	2019-12	Cambodia	Asia
ON337477.1	2019-03-01	Cuba	North America
ON337478.1	2019-03-01	Cuba	North America
ON419458.1	2021-07-20	India	Asia
ON419459.1	2021-07-21	India	Asia
ON419460.1	2021-07-15	India	Asia
ON419461.1	2021-05-07	India	Asia
ON419462.1	2021-07-30	India	Asia
ON419463.1	2021-08-26	India	Asia
ON419464.1	2021-07-22	India	Asia
ON419465.1	2021-07-30	India	Asia
ON419466.1	2021-08-01	India	Asia
ON419467.1	2021-01-08	India	Asia
ON419468.1	2021-07-30	India	Asia
ON419469.1	2021-08-13	India	Asia
ON419470.1	2021-07-15	India	Asia
ON419471.1	2021-07-25	India	Asia
ON419472.1	2021-07-22	India	Asia
ON419473.1	2021-08-01	India	Asia
ON419474.1	2021-08-06	India	Asia
ON419475.1	2021-08-24	India	Asia
ON419476.1	2021-07-22	India	Asia
ON419477.1	2021-12-08	India	Asia
ON419478.1	2021-08-15	India	Asia
ON419479.1	2021-08-05	India	Asia
ON419480.1	2021-07-18	India	Asia
ON419481.1	2021-06-08	India	Asia
ON419482.1	2021-07-22	India	Asia
ON419483.1	2021-08-20	India	Asia
ON419484.1	2021-08-08	India	Asia
ON419485.1	2021-07-26	India	Asia
ON419486.1	2021-07-19	India	Asia
ON419487.1	2021-08-05	India	Asia
ON586852.1	2016-09-28	Mexico	North America
ON586853.1	2016-07-11	Mexico	North America
ON586854.1	2016-10-22	Mexico	North America
ON631960.1	2006	Thailand	Asia
OP141762.1	2016	Brazil	South America
OP141763.1	2016	Brazil	South America
OP141764.1	2016	Brazil	South America
OP141765.1	2016	Brazil	South America
OP281680.1	2006-08-11	Thailand	Asia
OP341468.1	2016-09	Mexico	North America
OP431392.1	2016-08	Mexico	North America
OP431393.1	2016-09	Mexico	North America
OP431394.1	2016-08	Mexico	North America
OP678998.1	2021-07-20	India	Asia
OP678999.1	2021-07-11	India	Asia
OP679000.1	2021-07-20	India	Asia
OP679001.1	2021-07-11	India	Asia
OP679002.1	2021-07-20	India	Asia
OP679003.1	2021-07-11	India	Asia
OP858729.1	2016-03	Cuba	North America
OP858730.1	2016-03	Cuba	North America
OP858731.1	2016-09-25	Cuba	North America
OP858732.1	2016-10-20	Cuba	North America
OP858733.1	2016-09-11	Cuba	North America
OP858734.1	2016-09	Cuba	North America
OP858735.1	2016-09-17	Cuba	North America
OP858736.1	2016-09	Cuba	North America
OP858737.1	2016-09	Cuba	North America
OP858738.1	2016-09	Cuba	North America
OP858739.1	2016-09	Cuba	North America
OP858740.1	2016-09	Cuba	North America
OP858741.1	2016-09	Cuba	North America
OP858742.1	2016-09	Cuba	North America
OP858743.1	2016-09	Cuba	North America
OP858744.1	2016-09	Cuba	North America
OP858745.1	2016-09-04	Cuba	North America
OP858746.1	2016-10	Cuba	North America
OP858747.1	2016-10	Cuba	North America
OP858748.1	2016-10	Cuba	North America
OP858749.1	2016-10	Cuba	North America
OP858750.1	2016-11	Cuba	North America
OP858751.1	2017-02	Cuba	North America
OP858752.1	2017-01-29	Cuba	North America
OP858753.1	2017-03	Cuba	North America
OP858754.1	2017-03	Cuba	North America
OP858755.1	2017-03-21	Cuba	North America
OP858756.1	2017-06	Cuba	North America
OP858757.1	2017-09	Cuba	North America
OP858758.1	2017-09	Cuba	North America
OP858759.1	2017-09-02	Cuba	North America
OP858760.1	2017-10-16	Cuba	North America
OP858761.1	2017-10-17	Cuba	North America
OP858762.1	2017-10-17	Cuba	North America
OP858763.1	2017-10-22	Cuba	North America
OP858764.1	2017-10-17	Cuba	North America
OP858765.1	2017-10-17	Cuba	North America
OP858766.1	2017-10-23	Cuba	North America
OP858767.1	2017-10-28	Cuba	North America
OP858768.1	2018-01-21	Cuba	North America
OP858769.1	2018-02-15	Cuba	North America
OP858770.1	2018-02-16	Cuba	North America
OP858771.1	2018-02-22	Cuba	North America
OP858772.1	2018-03-22	Cuba	North America
OP858773.1	2018-03-24	Cuba	North America
OP858774.1	2018-03-20	Cuba	North America
OP858775.1	2018-03-09	Cuba	North America
OP858776.1	2018-03-01	Cuba	North America
OP858777.1	2018-08	Cuba	North America
OP858778.1	2018-09-10	Cuba	North America
OP858779.1	2018-09	Cuba	North America
OP858780.1	2018-10-29	Cuba	North America
OP858781.1	2018-10-29	Cuba	North America
OP858782.1	2018-11-03	Cuba	North America
OP858783.1	2019-07-18	Cuba	North America
OP858784.1	2020-01-02	Cuba	North America
OP898541.1	2018-10-01	Colombia	South America
OP898542.1	2018-04-01	Colombia	South America
OP947010.1	2021-07-11	India	Asia
OP947011.1	2021-07-11	India	Asia
OQ165285.1	1966	Malaysia	Asia
OQ180929.1	1984	Senegal	Africa
OQ338852.1	2015-06-13	Brazil	South America
OQ338853.1	2016-03-14	Brazil	South America
OQ661912.1	2017-08-22	Thailand	Asia
OQ661913.1	2017-07-11	Thailand	Asia
OQ661914.1	2011-07-04	Thailand	Asia
OQ661915.1	2013-08-19	Thailand	Asia
OQ661916.1	2016-09-12	Thailand	Asia
OQ661917.1	2018-08-25	Thailand	Asia
OQ661918.1	2018	Thailand	Asia
OQ661919.1	2018-11-06	Thailand	Asia
OQ727565.1	2016-04-08	Brazil	South America
OQ727566.1	2016-04-09	Brazil	South America
OQ727567.1	2015-05-06	Brazil	South America
OQ727568.1	2015-05-18	Brazil	South America
OQ727569.1	2015-05-19	Brazil	South America
OQ727570.1	2015-05-19	Brazil	South America
OQ727571.1	2015-05-19	Brazil	South America
OQ727572.1	2015-05-20	Brazil	South America
OQ727573.1	2015-05-21	Brazil	South America
OQ727574.1	2015-05-22	Brazil	South America
OQ727575.1	2015-05-26	Brazil	South America
OQ727576.1	2015-05-26	Brazil	South America
OQ727577.1	2015-05-27	Brazil	South America
OQ727578.1	2015-07-09	Brazil	South America
OQ734448.1	2022-03-29	France	Europe
OQ947195.1			
OQ947196.1			
OR140889.1	2015	Brazil	South America
OR264631.1	2020-11-27	Thailand	Asia
OR264632.1	2022-06-15	Thailand	Asia
OR264633.1	2022-10-29	Thailand	Asia
OR264634.1	2022-11-09	Thailand	Asia
OR264635.1	2022-11-23	Thailand	Asia
OR264636.1	2022-11-24	Thailand	Asia
OR264637.1	2022-12-03	Thailand	Asia
OR264638.1	2023-01-28	Thailand	Asia
OR264639.1	2023-02-02	Thailand	Asia
OR264640.1	2023-02-14	Thailand	Asia
OR264641.1	2023-02-14	Thailand	Asia
OR264642.1	2021-02-05	Thailand	Asia
OR264643.1	2022-11-01	Thailand	Asia
OR264644.1	2022-11-18	Thailand	Asia
OR264645.1	2022-12-19	Thailand	Asia
OR264646.1	2023-03-04	Thailand	Asia
OR264647.1	2023-03-16	Thailand	Asia
OR488126.1	2019-11	Guadeloupe	North America
OR488127.1	2019-11	Guadeloupe	North America
OR488128.1	2019-11	Guadeloupe	North America
OR488129.1	2019-11	Guadeloupe	North America
OR506342.1	2016	Brazil	South America
OR535163.1	2020	Thailand	Asia
OR535164.1	2020	Thailand	Asia
OR535165.1	2020	Thailand	Asia
OR535166.1	2020	Thailand	Asia
OR535167.1	2020	Thailand	Asia
OR535168.1	2020	Thailand	Asia
OR535169.1	2020	Thailand	Asia
OR701943.1	2021-11-11	Mexico	North America
OR787460.1	2022-10	Mexico	North America
OR787461.1	2023-01	Mexico	North America
OR787462.1	2023-02	Mexico	North America
OR787463.1	2023-02	Mexico	North America
OR787464.1	2023-02	Mexico	North America
OR787465.1	2023-02	Mexico	North America
OR787466.1	2023-03	Mexico	North America
OR787467.1	2023-05	Mexico	North America
OR787468.1	2023-07	Mexico	North America
PB147418.1			
PB147419.1			
PB147420.1			
PB147421.1			
PB147423.1			
PB186184.1			
PB186185.1			
PB186186.1			
PB186187.1			
PB186188.1			
PB186189.1			
PC244863.1			
PC244898.1			
PC244899.1			
PC244900.1			
PC244901.1			
PC244902.1			
PC244903.1			
PC245058.1			
PC245059.1			
PC245060.1			
PC245082.1			
PC245083.1			
PC245084.1			
PC245085.1			
PC245086.1			
PC245087.1			
PC245091.1			
PC245092.1			
PC245093.1			
PC245346.1			
PC245347.1			
PC245348.1			
PC245375.1			
PC247647.1			
PC308692.1			
PC309854.1			
PC309874.1			
PC311792.1			
PC323067.1			
PC323069.1			
PC323096.1			
PC395741.1			
PC395756.1			
PD222964.1			
PD222965.1			
PD223219.1			
PD223220.1			
PD223642.1			
PD369715.1			
PE271587.1			
PG198142.1			
PG385548.1			
PH031883.1			
PH253475.1			
PI205090.1			
PL340055.1			
PP130171.1	2023-05	Singapore	Asia
PP130172.1	2023-05	Singapore	Asia
PP130173.1	2023-06	Singapore	Asia
PP130174.1	2023-06	Singapore	Asia
PP316139.1	2021-05-12	Haiti	North America
PP316140.1	2021-12-02	Haiti	North America
PP431214.1	2016-02-01	Colombia	South America
PP431215.1	2016-02-04	Colombia	South America
PP431216.1	2016-02-06	Colombia	South America
PP431217.1	2016-02-21	Colombia	South America
PP431218.1	2016-02-09	Colombia	South America
PP431219.1	2016-02-17	Colombia	South America
PP431220.1	2016-03-07	Colombia	South America
PP431221.1	2016-03-09	Colombia	South America
PP431222.1	2016-03-01	Colombia	South America
PP431223.1	2016-03-30	Colombia	South America
PP431224.1	2016-03-30	Colombia	South America
PP431225.1	2016-03-31	Colombia	South America
PP431226.1	2016-03-31	Colombia	South America
PP431227.1	2016-04-01	Colombia	South America
PP431228.1	2016-04-05	Colombia	South America
PP431229.1	2016-04-06	Colombia	South America
PP431230.1	2016-05-17	Colombia	South America
PP431231.1	2016-05-18	Colombia	South America
PP431232.1	2016-05-31	Colombia	South America
PP431233.1	2016-06-08	Colombia	South America
PP431234.1	2016-06-13	Colombia	South America
PP431235.1	2016-07-07	Colombia	South America
PP431236.1	2016-03-09	Colombia	South America
PP431237.1	2016-04-01	Colombia	South America
PP431238.1	2016-04-01	Colombia	South America
PP431239.1	2016-04-05	Colombia	South America
PP431240.1	2016-04-05	Colombia	South America
PP431241.1	2016-04-21	Colombia	South America
PP431242.1	2016-04-27	Colombia	South America
PP431243.1	2016-04-27	Colombia	South America
PP431244.1	2016-04-28	Colombia	South America
PP431245.1	2016-10-05	Colombia	South America
PP431246.1	2016-05-11	Colombia	South America
PP431247.1	2016-06-02	Colombia	South America
PP431248.1	2016-02-16	Colombia	South America
PP431249.1	2016-02-16	Colombia	South America
PP431250.1	2016-03-01	Colombia	South America
PP431251.1	2016-02-06	Colombia	South America
PP470595.1	2016	Guadeloupe	North America
PP626399.1	2017	Thailand	Asia
PP626400.1	2017	Thailand	Asia
PP626401.1	2016	Thailand	Asia
PP626402.1	2017	Thailand	Asia
PP626403.1	2017	Thailand	Asia
PP626404.1	2016	Thailand	Asia
PP626405.1	2016	Thailand	Asia
PP626406.1	2016		
PP626407.1	2016		
PP626408.1	2016	Thailand	Asia
PP626409.1	2017	Thailand	Asia
PP708564.1	2017-08-17	Costa Rica	North America
PP759388.1	2019-03	Cuba	North America
PP825811.1	2016	Brazil	South America
PP872156.1	2016-06-27	Spain	Europe
PP921916.1	2013-05-03	Spain	Europe
PP996673.1	2015	Senegal	Africa
PP996674.1	2011	Senegal	Africa
PP996675.1	2011	Senegal	Africa
PP996676.1	2011	Senegal	Africa
PP996677.1	2011	Senegal	Africa
PP996678.1	2015	Senegal	Africa
PP996679.1	2015	Senegal	Africa
PP996680.1	2015	Senegal	Africa
PP996681.1	2015	Senegal	Africa
PP996682.1	2015	Senegal	Africa
PP996683.1	2015	Senegal	Africa
PQ008648.1	2024-04-20	Seychelles	Africa
PQ066186.1	2021-11-17	Pakistan	Asia
PQ066187.1	2021-11-21	Pakistan	Asia
PQ129494.1	2023-10-23	Bangladesh	Asia
PQ129495.1	2023-12-01	Bangladesh	Asia
PQ129533.1	2016-01-01	Suriname	South America
PQ129534.1	2016-01-22	Mexico	North America
PQ129535.1	2015-01-01	Brazil	South America
PQ139122.1	2023	Sudan	Africa
PQ139123.1	2023	Sudan	Africa
PQ139124.1	2023	Sudan	Africa
PQ139125.1	2023	Sudan	Africa
PQ139126.1	2023	Sudan	Africa
PQ139127.1	2023	Sudan	Africa
PQ139128.1	2023	Sudan	Africa
PQ139129.1	2023	Sudan	Africa
PQ139130.1	2023	Sudan	Africa
PQ139131.1	2023	Sudan	Africa
PQ139132.1	2023	Sudan	Africa
PQ203661.1	2023-11-14	Bangladesh	Asia
PQ219523.1	2016	Brazil	South America
PQ219524.1	2016	Brazil	South America
PQ219525.1	2016	Brazil	South America
PQ426626.1	2024-06-22	India	Asia
PQ432999.1	2023-11-02	Senegal	Africa
PQ433000.1	2023	Senegal	Africa
PQ433001.1	2022	Senegal	Africa
PQ461653.1	2024-06-29	India	Asia
PQ551086.1	2024-08-09	Kenya	Africa
PQ551087.1	2024-08-12	Kenya	Africa
PQ551088.1	2024-09-11	Kenya	Africa
PQ567007.1	2016-05-19	Honduras	North America
PQ836603.1	2015-12-11	Panama	North America
PQ849442.1	2010	Cambodia	Asia
PU585017.1			
PU585028.1			
PU585037.1			
PU585038.1			
PU585039.1			
PU585040.1			
PU585041.1			
PU585042.1			
PU585043.1			
PU585044.1			
PU585046.1			
PU585053.1			
PU585064.1			
PU775139.1			
PU775150.1			
PU775159.1			
PU775160.1			
PU775161.1			
PU775162.1			
PU775163.1			
PU775164.1			
PU775165.1			
PU775166.1			
PU775168.1			
PU775175.1			
PU775186.1			
PV426612.1	2024-08	Seychelles	Africa
PV549934.1	2024	Bangladesh	Asia
PV549935.1	2024	Bangladesh	Asia
PV879557.1	2019	China	Asia
PV879558.1	2018	China	Asia
PV893037.1	2024-06-13	India	Asia
PX287204.1	2024-06	India	Asia
